2026-09-25 16:28:29,433 INFO  Logger.cs: 70 - 
--------------------------------------------------------------------------------
2026-09-25 16:28:29,466 INFO  Logger.cs: 71 - Logging commencing for SW2URDF exporter
2026-09-25 16:28:29,466 INFO  Logger.cs: 73 - Commit version 1.6.0-4-g7f85cfe
2026-09-25 16:28:29,466 INFO  Logger.cs: 74 - Build version 1.6.7995.38578
2026-09-25 16:28:29,478 INFO  SwAddin.cs: 192 - Attempting to connect to SW
2026-09-25 16:28:29,481 INFO  SwAddin.cs: 197 - Setting up callbacks
2026-09-25 16:28:29,481 INFO  SwAddin.cs: 201 - Setting up command manager
2026-09-25 16:28:29,481 INFO  SwAddin.cs: 204 - Adding command manager
2026-09-25 16:28:29,481 INFO  SwAddin.cs: 263 - Adding Assembly export to file menu
2026-09-25 16:28:29,481 INFO  SwAddin.cs: 272 - Adding Part export to file menu
2026-09-25 16:28:29,481 INFO  SwAddin.cs: 210 - Adding event handlers
2026-09-25 16:28:29,530 INFO  SwAddin.cs: 217 - Connecting plugin to SolidWorks
2026-09-25 16:56:55,501 INFO  SwAddin.cs: 294 - Assembly export called for file 5-DOF_Arm_ASY
2026-09-25 16:56:58,385 INFO  SwAddin.cs: 313 - Saving assembly
2026-09-25 16:57:02,373 INFO  SwAddin.cs: 316 - Opening property manager
2026-09-25 16:57:02,441 INFO  ExportHelperExtension.cs: 1125 - Retrieving features of type [CoordSys] from 5-DOF_Arm_ASY
2026-09-25 16:57:02,457 INFO  ExportHelperExtension.cs: 1136 - Found 199 in 5-DOF_Arm_ASY
2026-09-25 16:57:02,457 INFO  ExportHelperExtension.cs: 1145 - Found 0 features of type [CoordSys] in 5-DOF_Arm_ASY
2026-09-25 16:57:02,457 INFO  ExportHelperExtension.cs: 1148 - Proceeding through assembly components
2026-09-25 16:57:02,461 INFO  ExportHelperExtension.cs: 1160 - 53 components to check
2026-09-25 16:57:02,461 INFO  ExportHelperExtension.cs: 1125 - Retrieving features of type [RefAxis] from 5-DOF_Arm_ASY
2026-09-25 16:57:02,465 INFO  ExportHelperExtension.cs: 1136 - Found 199 in 5-DOF_Arm_ASY
2026-09-25 16:57:02,465 INFO  ExportHelperExtension.cs: 1145 - Found 5 features of type [RefAxis] in 5-DOF_Arm_ASY
2026-09-25 16:57:02,467 INFO  ExportHelperExtension.cs: 1148 - Proceeding through assembly components
2026-09-25 16:57:02,468 INFO  ExportHelperExtension.cs: 1160 - 53 components to check
2026-09-25 16:57:04,333 INFO  SwAddin.cs: 339 - Loading config tree
2026-09-25 16:57:04,339 INFO  ExportPropertyManagerExtension.cs: 520 - Starting new configuration
2026-09-25 16:57:04,352 INFO  SwAddin.cs: 344 - Showing property manager
2026-09-25 17:01:22,747 INFO  ExportPropertyManager.cs: 1136 - OnNumberBoxTrackingCompleted called. This method no longer throws an Exception. It just silently does nothing. Ok, except for this logging message
2026-09-25 17:14:14,099 INFO  ExportPropertyManager.cs: 1018 - OnComboboxSelectionChanged called. This method no longer throws an Exception. It just silently does nothing. Ok, except for this logging message
2026-09-25 17:14:23,515 INFO  ExportPropertyManager.cs: 1018 - OnComboboxSelectionChanged called. This method no longer throws an Exception. It just silently does nothing. Ok, except for this logging message
2026-09-25 17:14:33,648 INFO  ExportPropertyManager.cs: 1136 - OnNumberBoxTrackingCompleted called. This method no longer throws an Exception. It just silently does nothing. Ok, except for this logging message
2026-09-25 17:16:44,496 INFO  ExportPropertyManager.cs: 1018 - OnComboboxSelectionChanged called. This method no longer throws an Exception. It just silently does nothing. Ok, except for this logging message
2026-09-25 17:16:46,675 INFO  ExportPropertyManager.cs: 1018 - OnComboboxSelectionChanged called. This method no longer throws an Exception. It just silently does nothing. Ok, except for this logging message
2026-09-25 17:16:55,619 INFO  ExportPropertyManager.cs: 1036 - OnListboxSelectionChanged called. This method no longer throws an Exception. It just silently does nothing. Ok, except for this logging message
2026-09-25 17:19:40,355 INFO  ExportPropertyManager.cs: 1136 - OnNumberBoxTrackingCompleted called. This method no longer throws an Exception. It just silently does nothing. Ok, except for this logging message
2026-09-25 17:19:59,576 INFO  ExportPropertyManager.cs: 1018 - OnComboboxSelectionChanged called. This method no longer throws an Exception. It just silently does nothing. Ok, except for this logging message
2026-09-25 17:20:02,504 INFO  ExportPropertyManager.cs: 1018 - OnComboboxSelectionChanged called. This method no longer throws an Exception. It just silently does nothing. Ok, except for this logging message
2026-09-25 17:20:18,011 INFO  ExportPropertyManager.cs: 1136 - OnNumberBoxTrackingCompleted called. This method no longer throws an Exception. It just silently does nothing. Ok, except for this logging message
2026-09-25 17:20:37,206 INFO  ExportPropertyManager.cs: 1018 - OnComboboxSelectionChanged called. This method no longer throws an Exception. It just silently does nothing. Ok, except for this logging message
2026-09-25 17:20:38,994 INFO  ExportPropertyManager.cs: 1018 - OnComboboxSelectionChanged called. This method no longer throws an Exception. It just silently does nothing. Ok, except for this logging message
2026-09-25 17:20:58,132 INFO  ExportPropertyManager.cs: 1136 - OnNumberBoxTrackingCompleted called. This method no longer throws an Exception. It just silently does nothing. Ok, except for this logging message
2026-09-25 17:22:50,511 INFO  ExportPropertyManager.cs: 1018 - OnComboboxSelectionChanged called. This method no longer throws an Exception. It just silently does nothing. Ok, except for this logging message
2026-09-25 17:22:53,625 INFO  ExportPropertyManager.cs: 1018 - OnComboboxSelectionChanged called. This method no longer throws an Exception. It just silently does nothing. Ok, except for this logging message
2026-09-25 17:24:31,098 INFO  ExportPropertyManager.cs: 1036 - OnListboxSelectionChanged called. This method no longer throws an Exception. It just silently does nothing. Ok, except for this logging message
2026-09-25 17:24:36,434 INFO  ExportPropertyManager.cs: 1136 - OnNumberBoxTrackingCompleted called. This method no longer throws an Exception. It just silently does nothing. Ok, except for this logging message
2026-09-25 17:25:59,323 INFO  ExportPropertyManager.cs: 1018 - OnComboboxSelectionChanged called. This method no longer throws an Exception. It just silently does nothing. Ok, except for this logging message
2026-09-25 17:26:14,086 WARN  ExportPropertyManager.cs: 334 - Loading a configuration with an incomplete export
2026-09-25 17:29:19,545 INFO  ExportPropertyManager.cs: 422 - Configuration saved
2026-09-25 17:29:20,388 INFO  ExportPropertyManager.cs: 1142 - AfterClose called. This method no longer throws an Exception. It just silently does nothing. Ok, except for this logging message
2026-09-25 17:30:11,698 INFO  ExportHelperExtension.cs: 347 - Creating joint shoulder_link
2026-09-25 17:30:11,764 INFO  ExportHelperExtension.cs: 1397 - Fixing components for base_link
2026-09-25 17:30:11,768 INFO  ExportHelperExtension.cs: 1402 - Fixing -1
2026-09-25 17:30:11,770 INFO  ExportHelperExtension.cs: 1402 - Fixing 24
2026-09-25 17:30:11,770 INFO  ExportHelperExtension.cs: 1402 - Fixing 171
2026-09-25 17:30:11,772 INFO  ExportHelperExtension.cs: 1402 - Fixing 182
2026-09-25 17:30:11,772 INFO  ExportHelperExtension.cs: 1402 - Fixing 183
2026-09-25 17:30:11,772 INFO  ExportHelperExtension.cs: 1402 - Fixing 184
2026-09-25 17:30:11,774 INFO  ExportHelperExtension.cs: 1402 - Fixing 185
2026-09-25 17:30:11,774 INFO  ExportHelperExtension.cs: 1402 - Fixing 189
2026-09-25 17:30:11,774 INFO  ExportHelperExtension.cs: 1402 - Fixing 190
2026-09-25 17:30:11,774 INFO  ExportHelperExtension.cs: 1402 - Fixing 191
2026-09-25 17:30:11,774 INFO  ExportHelperExtension.cs: 1402 - Fixing 192
2026-09-25 17:30:11,774 INFO  ExportHelperExtension.cs: 1402 - Fixing 193
2026-09-25 17:30:17,571 INFO  ExportHelperExtension.cs: 832 - R1: 0, 0
2026-09-25 17:30:17,571 INFO  ExportHelperExtension.cs: 841 - R2: 0, 0
2026-09-25 17:30:17,571 INFO  ExportHelperExtension.cs: 849 - L1: 0
2026-09-25 17:30:17,571 INFO  ExportHelperExtension.cs: 857 - L2: 0
2026-09-25 17:30:17,620 INFO  ExportHelperExtension.cs: 1352 - Unfixing component -1
2026-09-25 17:30:17,620 INFO  ExportHelperExtension.cs: 1352 - Unfixing component 24
2026-09-25 17:30:17,620 INFO  ExportHelperExtension.cs: 1352 - Unfixing component 171
2026-09-25 17:30:17,620 INFO  ExportHelperExtension.cs: 1352 - Unfixing component 182
2026-09-25 17:30:17,620 INFO  ExportHelperExtension.cs: 1352 - Unfixing component 183
2026-09-25 17:30:17,620 INFO  ExportHelperExtension.cs: 1352 - Unfixing component 184
2026-09-25 17:30:17,620 INFO  ExportHelperExtension.cs: 1352 - Unfixing component 185
2026-09-25 17:30:17,620 INFO  ExportHelperExtension.cs: 1352 - Unfixing component 189
2026-09-25 17:30:17,620 INFO  ExportHelperExtension.cs: 1352 - Unfixing component 190
2026-09-25 17:30:17,620 INFO  ExportHelperExtension.cs: 1352 - Unfixing component 191
2026-09-25 17:30:17,634 INFO  ExportHelperExtension.cs: 1352 - Unfixing component 192
2026-09-25 17:30:17,634 INFO  ExportHelperExtension.cs: 1352 - Unfixing component 193
2026-09-25 17:30:32,922 WARN  ExportHelperExtension.cs: 351 - Creating joint from parent base_link to child shoulder_link failed
2026-09-25 17:30:37,515 INFO  ExportHelperExtension.cs: 347 - Creating joint upper_arm_link
2026-09-25 17:30:37,515 INFO  ExportHelperExtension.cs: 1397 - Fixing components for shoulder_link
2026-09-25 17:30:37,515 INFO  ExportHelperExtension.cs: 1402 - Fixing 181
2026-09-25 17:30:37,515 INFO  ExportHelperExtension.cs: 1402 - Fixing 30
2026-09-25 17:30:37,515 INFO  ExportHelperExtension.cs: 1402 - Fixing 238
2026-09-25 17:30:37,515 INFO  ExportHelperExtension.cs: 1402 - Fixing 239
2026-09-25 17:30:37,515 INFO  ExportHelperExtension.cs: 1402 - Fixing 240
2026-09-25 17:30:37,515 INFO  ExportHelperExtension.cs: 1402 - Fixing 241
2026-09-25 17:30:37,515 INFO  ExportHelperExtension.cs: 1402 - Fixing 242
2026-09-25 17:30:37,515 INFO  ExportHelperExtension.cs: 1402 - Fixing 243
2026-09-25 17:30:37,515 INFO  ExportHelperExtension.cs: 1402 - Fixing 225
2026-09-25 17:30:37,515 INFO  ExportHelperExtension.cs: 1402 - Fixing 247
2026-09-25 17:30:37,515 INFO  ExportHelperExtension.cs: 1402 - Fixing 248
2026-09-25 17:30:37,528 INFO  ExportHelperExtension.cs: 1402 - Fixing 249
2026-09-25 17:30:37,528 INFO  ExportHelperExtension.cs: 1402 - Fixing 250
2026-09-25 17:30:37,528 INFO  ExportHelperExtension.cs: 1402 - Fixing 251
2026-09-25 17:30:37,528 INFO  ExportHelperExtension.cs: 1402 - Fixing 252
2026-09-25 17:30:37,528 INFO  ExportHelperExtension.cs: 1402 - Fixing 253
2026-09-25 17:30:37,528 INFO  ExportHelperExtension.cs: 1402 - Fixing -1
2026-09-25 17:30:37,528 INFO  ExportHelperExtension.cs: 1402 - Fixing 24
2026-09-25 17:30:37,528 INFO  ExportHelperExtension.cs: 1402 - Fixing 171
2026-09-25 17:30:37,528 INFO  ExportHelperExtension.cs: 1402 - Fixing 182
2026-09-25 17:30:37,528 INFO  ExportHelperExtension.cs: 1402 - Fixing 183
2026-09-25 17:30:37,528 INFO  ExportHelperExtension.cs: 1402 - Fixing 184
2026-09-25 17:30:37,528 INFO  ExportHelperExtension.cs: 1402 - Fixing 185
2026-09-25 17:30:37,528 INFO  ExportHelperExtension.cs: 1402 - Fixing 189
2026-09-25 17:30:37,528 INFO  ExportHelperExtension.cs: 1402 - Fixing 190
2026-09-25 17:30:37,528 INFO  ExportHelperExtension.cs: 1402 - Fixing 191
2026-09-25 17:30:37,528 INFO  ExportHelperExtension.cs: 1402 - Fixing 192
2026-09-25 17:30:37,544 INFO  ExportHelperExtension.cs: 1402 - Fixing 193
2026-09-25 17:30:43,011 INFO  ExportHelperExtension.cs: 832 - R1: 0, 0
2026-09-25 17:30:43,011 INFO  ExportHelperExtension.cs: 841 - R2: 0, 0
2026-09-25 17:30:43,011 INFO  ExportHelperExtension.cs: 849 - L1: 0
2026-09-25 17:30:43,011 INFO  ExportHelperExtension.cs: 857 - L2: 0
2026-09-25 17:30:43,011 INFO  ExportHelperExtension.cs: 1352 - Unfixing component 181
2026-09-25 17:30:43,011 INFO  ExportHelperExtension.cs: 1352 - Unfixing component 30
2026-09-25 17:30:43,011 INFO  ExportHelperExtension.cs: 1352 - Unfixing component 238
2026-09-25 17:30:43,011 INFO  ExportHelperExtension.cs: 1352 - Unfixing component 239
2026-09-25 17:30:43,011 INFO  ExportHelperExtension.cs: 1352 - Unfixing component 240
2026-09-25 17:30:43,011 INFO  ExportHelperExtension.cs: 1352 - Unfixing component 241
2026-09-25 17:30:43,011 INFO  ExportHelperExtension.cs: 1352 - Unfixing component 242
2026-09-25 17:30:43,011 INFO  ExportHelperExtension.cs: 1352 - Unfixing component 243
2026-09-25 17:30:43,011 INFO  ExportHelperExtension.cs: 1352 - Unfixing component 225
2026-09-25 17:30:43,011 INFO  ExportHelperExtension.cs: 1352 - Unfixing component 247
2026-09-25 17:30:43,011 INFO  ExportHelperExtension.cs: 1352 - Unfixing component 248
2026-09-25 17:30:43,011 INFO  ExportHelperExtension.cs: 1352 - Unfixing component 249
2026-09-25 17:30:43,011 INFO  ExportHelperExtension.cs: 1352 - Unfixing component 250
2026-09-25 17:30:43,011 INFO  ExportHelperExtension.cs: 1352 - Unfixing component 251
2026-09-25 17:30:43,011 INFO  ExportHelperExtension.cs: 1352 - Unfixing component 252
2026-09-25 17:30:43,011 INFO  ExportHelperExtension.cs: 1352 - Unfixing component 253
2026-09-25 17:30:43,011 INFO  ExportHelperExtension.cs: 1352 - Unfixing component -1
2026-09-25 17:30:43,011 INFO  ExportHelperExtension.cs: 1352 - Unfixing component 24
2026-09-25 17:30:43,011 INFO  ExportHelperExtension.cs: 1352 - Unfixing component 171
2026-09-25 17:30:43,011 INFO  ExportHelperExtension.cs: 1352 - Unfixing component 182
2026-09-25 17:30:43,011 INFO  ExportHelperExtension.cs: 1352 - Unfixing component 183
2026-09-25 17:30:43,011 INFO  ExportHelperExtension.cs: 1352 - Unfixing component 184
2026-09-25 17:30:43,011 INFO  ExportHelperExtension.cs: 1352 - Unfixing component 185
2026-09-25 17:30:43,011 INFO  ExportHelperExtension.cs: 1352 - Unfixing component 189
2026-09-25 17:30:43,011 INFO  ExportHelperExtension.cs: 1352 - Unfixing component 190
2026-09-25 17:30:43,011 INFO  ExportHelperExtension.cs: 1352 - Unfixing component 191
2026-09-25 17:30:43,011 INFO  ExportHelperExtension.cs: 1352 - Unfixing component 192
2026-09-25 17:30:43,011 INFO  ExportHelperExtension.cs: 1352 - Unfixing component 193
2026-09-25 17:30:58,059 WARN  ExportHelperExtension.cs: 351 - Creating joint from parent shoulder_link to child upper_arm_link failed
2026-09-25 17:31:02,751 INFO  ExportHelperExtension.cs: 347 - Creating joint elbow_link
2026-09-25 17:31:02,751 INFO  ExportHelperExtension.cs: 1397 - Fixing components for upper_arm_link
2026-09-25 17:31:02,751 INFO  ExportHelperExtension.cs: 1402 - Fixing 47
2026-09-25 17:31:02,751 INFO  ExportHelperExtension.cs: 1402 - Fixing 140
2026-09-25 17:31:02,751 INFO  ExportHelperExtension.cs: 1402 - Fixing 235
2026-09-25 17:31:02,751 INFO  ExportHelperExtension.cs: 1402 - Fixing 236
2026-09-25 17:31:02,751 INFO  ExportHelperExtension.cs: 1402 - Fixing 237
2026-09-25 17:31:02,751 INFO  ExportHelperExtension.cs: 1402 - Fixing 37
2026-09-25 17:31:02,751 INFO  ExportHelperExtension.cs: 1402 - Fixing 133
2026-09-25 17:31:02,751 INFO  ExportHelperExtension.cs: 1402 - Fixing 42
2026-09-25 17:31:02,751 INFO  ExportHelperExtension.cs: 1402 - Fixing 134
2026-09-25 17:31:02,751 INFO  ExportHelperExtension.cs: 1402 - Fixing 135
2026-09-25 17:31:02,751 INFO  ExportHelperExtension.cs: 1402 - Fixing 136
2026-09-25 17:31:02,751 INFO  ExportHelperExtension.cs: 1402 - Fixing 121
2026-09-25 17:31:02,751 INFO  ExportHelperExtension.cs: 1402 - Fixing 141
2026-09-25 17:31:02,751 INFO  ExportHelperExtension.cs: 1402 - Fixing 142
2026-09-25 17:31:02,751 INFO  ExportHelperExtension.cs: 1402 - Fixing 143
2026-09-25 17:31:02,751 INFO  ExportHelperExtension.cs: 1402 - Fixing 144
2026-09-25 17:31:02,751 INFO  ExportHelperExtension.cs: 1402 - Fixing 181
2026-09-25 17:31:02,751 INFO  ExportHelperExtension.cs: 1402 - Fixing 30
2026-09-25 17:31:02,751 INFO  ExportHelperExtension.cs: 1402 - Fixing 238
2026-09-25 17:31:02,751 INFO  ExportHelperExtension.cs: 1402 - Fixing 239
2026-09-25 17:31:02,751 INFO  ExportHelperExtension.cs: 1402 - Fixing 240
2026-09-25 17:31:02,751 INFO  ExportHelperExtension.cs: 1402 - Fixing 241
2026-09-25 17:31:02,767 INFO  ExportHelperExtension.cs: 1402 - Fixing 242
2026-09-25 17:31:02,767 INFO  ExportHelperExtension.cs: 1402 - Fixing 243
2026-09-25 17:31:02,767 INFO  ExportHelperExtension.cs: 1402 - Fixing 225
2026-09-25 17:31:02,767 INFO  ExportHelperExtension.cs: 1402 - Fixing 247
2026-09-25 17:31:02,767 INFO  ExportHelperExtension.cs: 1402 - Fixing 248
2026-09-25 17:31:02,770 INFO  ExportHelperExtension.cs: 1402 - Fixing 249
2026-09-25 17:31:02,770 INFO  ExportHelperExtension.cs: 1402 - Fixing 250
2026-09-25 17:31:02,770 INFO  ExportHelperExtension.cs: 1402 - Fixing 251
2026-09-25 17:31:02,770 INFO  ExportHelperExtension.cs: 1402 - Fixing 252
2026-09-25 17:31:02,770 INFO  ExportHelperExtension.cs: 1402 - Fixing 253
2026-09-25 17:31:02,772 INFO  ExportHelperExtension.cs: 1402 - Fixing -1
2026-09-25 17:31:02,772 INFO  ExportHelperExtension.cs: 1402 - Fixing 24
2026-09-25 17:31:02,772 INFO  ExportHelperExtension.cs: 1402 - Fixing 171
2026-09-25 17:31:02,772 INFO  ExportHelperExtension.cs: 1402 - Fixing 182
2026-09-25 17:31:02,772 INFO  ExportHelperExtension.cs: 1402 - Fixing 183
2026-09-25 17:31:02,774 INFO  ExportHelperExtension.cs: 1402 - Fixing 184
2026-09-25 17:31:02,774 INFO  ExportHelperExtension.cs: 1402 - Fixing 185
2026-09-25 17:31:02,774 INFO  ExportHelperExtension.cs: 1402 - Fixing 189
2026-09-25 17:31:02,774 INFO  ExportHelperExtension.cs: 1402 - Fixing 190
2026-09-25 17:31:02,774 INFO  ExportHelperExtension.cs: 1402 - Fixing 191
2026-09-25 17:31:02,774 INFO  ExportHelperExtension.cs: 1402 - Fixing 192
2026-09-25 17:31:02,774 INFO  ExportHelperExtension.cs: 1402 - Fixing 193
2026-09-25 17:31:09,031 INFO  ExportHelperExtension.cs: 832 - R1: 0, 0
2026-09-25 17:31:09,031 INFO  ExportHelperExtension.cs: 841 - R2: 0, 0
2026-09-25 17:31:09,041 INFO  ExportHelperExtension.cs: 849 - L1: 0
2026-09-25 17:31:09,041 INFO  ExportHelperExtension.cs: 857 - L2: 0
2026-09-25 17:31:09,041 INFO  ExportHelperExtension.cs: 1352 - Unfixing component 47
2026-09-25 17:31:09,041 INFO  ExportHelperExtension.cs: 1352 - Unfixing component 140
2026-09-25 17:31:09,041 INFO  ExportHelperExtension.cs: 1352 - Unfixing component 235
2026-09-25 17:31:09,041 INFO  ExportHelperExtension.cs: 1352 - Unfixing component 236
2026-09-25 17:31:09,041 INFO  ExportHelperExtension.cs: 1352 - Unfixing component 237
2026-09-25 17:31:09,041 INFO  ExportHelperExtension.cs: 1352 - Unfixing component 37
2026-09-25 17:31:09,041 INFO  ExportHelperExtension.cs: 1352 - Unfixing component 133
2026-09-25 17:31:09,041 INFO  ExportHelperExtension.cs: 1352 - Unfixing component 42
2026-09-25 17:31:09,041 INFO  ExportHelperExtension.cs: 1352 - Unfixing component 134
2026-09-25 17:31:09,041 INFO  ExportHelperExtension.cs: 1352 - Unfixing component 135
2026-09-25 17:31:09,047 INFO  ExportHelperExtension.cs: 1352 - Unfixing component 136
2026-09-25 17:31:09,047 INFO  ExportHelperExtension.cs: 1352 - Unfixing component 121
2026-09-25 17:31:09,047 INFO  ExportHelperExtension.cs: 1352 - Unfixing component 141
2026-09-25 17:31:09,047 INFO  ExportHelperExtension.cs: 1352 - Unfixing component 142
2026-09-25 17:31:09,047 INFO  ExportHelperExtension.cs: 1352 - Unfixing component 143
2026-09-25 17:31:09,047 INFO  ExportHelperExtension.cs: 1352 - Unfixing component 144
2026-09-25 17:31:09,047 INFO  ExportHelperExtension.cs: 1352 - Unfixing component 181
2026-09-25 17:31:09,047 INFO  ExportHelperExtension.cs: 1352 - Unfixing component 30
2026-09-25 17:31:09,047 INFO  ExportHelperExtension.cs: 1352 - Unfixing component 238
2026-09-25 17:31:09,047 INFO  ExportHelperExtension.cs: 1352 - Unfixing component 239
2026-09-25 17:31:09,047 INFO  ExportHelperExtension.cs: 1352 - Unfixing component 240
2026-09-25 17:31:09,047 INFO  ExportHelperExtension.cs: 1352 - Unfixing component 241
2026-09-25 17:31:09,047 INFO  ExportHelperExtension.cs: 1352 - Unfixing component 242
2026-09-25 17:31:09,047 INFO  ExportHelperExtension.cs: 1352 - Unfixing component 243
2026-09-25 17:31:09,047 INFO  ExportHelperExtension.cs: 1352 - Unfixing component 225
2026-09-25 17:31:09,047 INFO  ExportHelperExtension.cs: 1352 - Unfixing component 247
2026-09-25 17:31:09,047 INFO  ExportHelperExtension.cs: 1352 - Unfixing component 248
2026-09-25 17:31:09,047 INFO  ExportHelperExtension.cs: 1352 - Unfixing component 249
2026-09-25 17:31:09,047 INFO  ExportHelperExtension.cs: 1352 - Unfixing component 250
2026-09-25 17:31:09,047 INFO  ExportHelperExtension.cs: 1352 - Unfixing component 251
2026-09-25 17:31:09,063 INFO  ExportHelperExtension.cs: 1352 - Unfixing component 252
2026-09-25 17:31:09,063 INFO  ExportHelperExtension.cs: 1352 - Unfixing component 253
2026-09-25 17:31:09,063 INFO  ExportHelperExtension.cs: 1352 - Unfixing component -1
2026-09-25 17:31:09,063 INFO  ExportHelperExtension.cs: 1352 - Unfixing component 24
2026-09-25 17:31:09,063 INFO  ExportHelperExtension.cs: 1352 - Unfixing component 171
2026-09-25 17:31:09,063 INFO  ExportHelperExtension.cs: 1352 - Unfixing component 182
2026-09-25 17:31:09,063 INFO  ExportHelperExtension.cs: 1352 - Unfixing component 183
2026-09-25 17:31:09,063 INFO  ExportHelperExtension.cs: 1352 - Unfixing component 184
2026-09-25 17:31:09,063 INFO  ExportHelperExtension.cs: 1352 - Unfixing component 185
2026-09-25 17:31:09,063 INFO  ExportHelperExtension.cs: 1352 - Unfixing component 189
2026-09-25 17:31:09,063 INFO  ExportHelperExtension.cs: 1352 - Unfixing component 190
2026-09-25 17:31:09,063 INFO  ExportHelperExtension.cs: 1352 - Unfixing component 191
2026-09-25 17:31:09,063 INFO  ExportHelperExtension.cs: 1352 - Unfixing component 192
2026-09-25 17:31:09,063 INFO  ExportHelperExtension.cs: 1352 - Unfixing component 193
2026-09-25 17:31:24,898 WARN  ExportHelperExtension.cs: 351 - Creating joint from parent upper_arm_link to child elbow_link failed
2026-09-25 17:31:25,093 INFO  ExportHelperExtension.cs: 347 - Creating joint forearm_link
2026-09-25 17:31:25,093 INFO  ExportHelperExtension.cs: 1397 - Fixing components for elbow_link
2026-09-25 17:31:25,101 INFO  ExportHelperExtension.cs: 1402 - Fixing 132
2026-09-25 17:31:25,101 INFO  ExportHelperExtension.cs: 1402 - Fixing 56
2026-09-25 17:31:25,101 INFO  ExportHelperExtension.cs: 1402 - Fixing 61
2026-09-25 17:31:25,101 INFO  ExportHelperExtension.cs: 1402 - Fixing 47
2026-09-25 17:31:25,101 INFO  ExportHelperExtension.cs: 1402 - Fixing 140
2026-09-25 17:31:25,101 INFO  ExportHelperExtension.cs: 1402 - Fixing 235
2026-09-25 17:31:25,103 INFO  ExportHelperExtension.cs: 1402 - Fixing 236
2026-09-25 17:31:25,103 INFO  ExportHelperExtension.cs: 1402 - Fixing 237
2026-09-25 17:31:25,103 INFO  ExportHelperExtension.cs: 1402 - Fixing 37
2026-09-25 17:31:25,103 INFO  ExportHelperExtension.cs: 1402 - Fixing 133
2026-09-25 17:31:25,103 INFO  ExportHelperExtension.cs: 1402 - Fixing 42
2026-09-25 17:31:25,103 INFO  ExportHelperExtension.cs: 1402 - Fixing 134
2026-09-25 17:31:25,103 INFO  ExportHelperExtension.cs: 1402 - Fixing 135
2026-09-25 17:31:25,103 INFO  ExportHelperExtension.cs: 1402 - Fixing 136
2026-09-25 17:31:25,103 INFO  ExportHelperExtension.cs: 1402 - Fixing 121
2026-09-25 17:31:25,107 INFO  ExportHelperExtension.cs: 1402 - Fixing 141
2026-09-25 17:31:25,107 INFO  ExportHelperExtension.cs: 1402 - Fixing 142
2026-09-25 17:31:25,107 INFO  ExportHelperExtension.cs: 1402 - Fixing 143
2026-09-25 17:31:25,107 INFO  ExportHelperExtension.cs: 1402 - Fixing 144
2026-09-25 17:31:25,107 INFO  ExportHelperExtension.cs: 1402 - Fixing 181
2026-09-25 17:31:25,110 INFO  ExportHelperExtension.cs: 1402 - Fixing 30
2026-09-25 17:31:25,110 INFO  ExportHelperExtension.cs: 1402 - Fixing 238
2026-09-25 17:31:25,110 INFO  ExportHelperExtension.cs: 1402 - Fixing 239
2026-09-25 17:31:25,110 INFO  ExportHelperExtension.cs: 1402 - Fixing 240
2026-09-25 17:31:25,110 INFO  ExportHelperExtension.cs: 1402 - Fixing 241
2026-09-25 17:31:25,110 INFO  ExportHelperExtension.cs: 1402 - Fixing 242
2026-09-25 17:31:25,110 INFO  ExportHelperExtension.cs: 1402 - Fixing 243
2026-09-25 17:31:25,110 INFO  ExportHelperExtension.cs: 1402 - Fixing 225
2026-09-25 17:31:25,110 INFO  ExportHelperExtension.cs: 1402 - Fixing 247
2026-09-25 17:31:25,113 INFO  ExportHelperExtension.cs: 1402 - Fixing 248
2026-09-25 17:31:25,113 INFO  ExportHelperExtension.cs: 1402 - Fixing 249
2026-09-25 17:31:25,113 INFO  ExportHelperExtension.cs: 1402 - Fixing 250
2026-09-25 17:31:25,113 INFO  ExportHelperExtension.cs: 1402 - Fixing 251
2026-09-25 17:31:25,113 INFO  ExportHelperExtension.cs: 1402 - Fixing 252
2026-09-25 17:31:25,113 INFO  ExportHelperExtension.cs: 1402 - Fixing 253
2026-09-25 17:31:25,113 INFO  ExportHelperExtension.cs: 1402 - Fixing -1
2026-09-25 17:31:25,113 INFO  ExportHelperExtension.cs: 1402 - Fixing 24
2026-09-25 17:31:25,113 INFO  ExportHelperExtension.cs: 1402 - Fixing 171
2026-09-25 17:31:25,113 INFO  ExportHelperExtension.cs: 1402 - Fixing 182
2026-09-25 17:31:25,113 INFO  ExportHelperExtension.cs: 1402 - Fixing 183
2026-09-25 17:31:25,113 INFO  ExportHelperExtension.cs: 1402 - Fixing 184
2026-09-25 17:31:25,113 INFO  ExportHelperExtension.cs: 1402 - Fixing 185
2026-09-25 17:31:25,113 INFO  ExportHelperExtension.cs: 1402 - Fixing 189
2026-09-25 17:31:25,113 INFO  ExportHelperExtension.cs: 1402 - Fixing 190
2026-09-25 17:31:25,113 INFO  ExportHelperExtension.cs: 1402 - Fixing 191
2026-09-25 17:31:25,113 INFO  ExportHelperExtension.cs: 1402 - Fixing 192
2026-09-25 17:31:25,113 INFO  ExportHelperExtension.cs: 1402 - Fixing 193
2026-09-25 17:31:31,095 INFO  ExportHelperExtension.cs: 832 - R1: 0, 0
2026-09-25 17:31:31,097 INFO  ExportHelperExtension.cs: 841 - R2: 0, 0
2026-09-25 17:31:31,097 INFO  ExportHelperExtension.cs: 849 - L1: 0
2026-09-25 17:31:31,099 INFO  ExportHelperExtension.cs: 857 - L2: 0
2026-09-25 17:31:31,099 INFO  ExportHelperExtension.cs: 1352 - Unfixing component 132
2026-09-25 17:31:31,099 INFO  ExportHelperExtension.cs: 1352 - Unfixing component 56
2026-09-25 17:31:31,099 INFO  ExportHelperExtension.cs: 1352 - Unfixing component 61
2026-09-25 17:31:31,099 INFO  ExportHelperExtension.cs: 1352 - Unfixing component 47
2026-09-25 17:31:31,099 INFO  ExportHelperExtension.cs: 1352 - Unfixing component 140
2026-09-25 17:31:31,099 INFO  ExportHelperExtension.cs: 1352 - Unfixing component 235
2026-09-25 17:31:31,099 INFO  ExportHelperExtension.cs: 1352 - Unfixing component 236
2026-09-25 17:31:31,099 INFO  ExportHelperExtension.cs: 1352 - Unfixing component 237
2026-09-25 17:31:31,099 INFO  ExportHelperExtension.cs: 1352 - Unfixing component 37
2026-09-25 17:31:31,099 INFO  ExportHelperExtension.cs: 1352 - Unfixing component 133
2026-09-25 17:31:31,099 INFO  ExportHelperExtension.cs: 1352 - Unfixing component 42
2026-09-25 17:31:31,099 INFO  ExportHelperExtension.cs: 1352 - Unfixing component 134
2026-09-25 17:31:31,099 INFO  ExportHelperExtension.cs: 1352 - Unfixing component 135
2026-09-25 17:31:31,099 INFO  ExportHelperExtension.cs: 1352 - Unfixing component 136
2026-09-25 17:31:31,099 INFO  ExportHelperExtension.cs: 1352 - Unfixing component 121
2026-09-25 17:31:31,099 INFO  ExportHelperExtension.cs: 1352 - Unfixing component 141
2026-09-25 17:31:31,099 INFO  ExportHelperExtension.cs: 1352 - Unfixing component 142
2026-09-25 17:31:31,099 INFO  ExportHelperExtension.cs: 1352 - Unfixing component 143
2026-09-25 17:31:31,099 INFO  ExportHelperExtension.cs: 1352 - Unfixing component 144
2026-09-25 17:31:31,099 INFO  ExportHelperExtension.cs: 1352 - Unfixing component 181
2026-09-25 17:31:31,099 INFO  ExportHelperExtension.cs: 1352 - Unfixing component 30
2026-09-25 17:31:31,099 INFO  ExportHelperExtension.cs: 1352 - Unfixing component 238
2026-09-25 17:31:31,099 INFO  ExportHelperExtension.cs: 1352 - Unfixing component 239
2026-09-25 17:31:31,099 INFO  ExportHelperExtension.cs: 1352 - Unfixing component 240
2026-09-25 17:31:31,099 INFO  ExportHelperExtension.cs: 1352 - Unfixing component 241
2026-09-25 17:31:31,099 INFO  ExportHelperExtension.cs: 1352 - Unfixing component 242
2026-09-25 17:31:31,112 INFO  ExportHelperExtension.cs: 1352 - Unfixing component 243
2026-09-25 17:31:31,112 INFO  ExportHelperExtension.cs: 1352 - Unfixing component 225
2026-09-25 17:31:31,112 INFO  ExportHelperExtension.cs: 1352 - Unfixing component 247
2026-09-25 17:31:31,112 INFO  ExportHelperExtension.cs: 1352 - Unfixing component 248
2026-09-25 17:31:31,112 INFO  ExportHelperExtension.cs: 1352 - Unfixing component 249
2026-09-25 17:31:31,112 INFO  ExportHelperExtension.cs: 1352 - Unfixing component 250
2026-09-25 17:31:31,112 INFO  ExportHelperExtension.cs: 1352 - Unfixing component 251
2026-09-25 17:31:31,112 INFO  ExportHelperExtension.cs: 1352 - Unfixing component 252
2026-09-25 17:31:31,112 INFO  ExportHelperExtension.cs: 1352 - Unfixing component 253
2026-09-25 17:31:31,112 INFO  ExportHelperExtension.cs: 1352 - Unfixing component -1
2026-09-25 17:31:31,112 INFO  ExportHelperExtension.cs: 1352 - Unfixing component 24
2026-09-25 17:31:31,112 INFO  ExportHelperExtension.cs: 1352 - Unfixing component 171
2026-09-25 17:31:31,112 INFO  ExportHelperExtension.cs: 1352 - Unfixing component 182
2026-09-25 17:31:31,112 INFO  ExportHelperExtension.cs: 1352 - Unfixing component 183
2026-09-25 17:31:31,112 INFO  ExportHelperExtension.cs: 1352 - Unfixing component 184
2026-09-25 17:31:31,112 INFO  ExportHelperExtension.cs: 1352 - Unfixing component 185
2026-09-25 17:31:31,112 INFO  ExportHelperExtension.cs: 1352 - Unfixing component 189
2026-09-25 17:31:31,112 INFO  ExportHelperExtension.cs: 1352 - Unfixing component 190
2026-09-25 17:31:31,112 INFO  ExportHelperExtension.cs: 1352 - Unfixing component 191
2026-09-25 17:31:31,112 INFO  ExportHelperExtension.cs: 1352 - Unfixing component 192
2026-09-25 17:31:31,112 INFO  ExportHelperExtension.cs: 1352 - Unfixing component 193
2026-09-25 17:31:47,330 WARN  ExportHelperExtension.cs: 351 - Creating joint from parent elbow_link to child forearm_link failed
2026-09-25 17:31:47,438 INFO  ExportHelperExtension.cs: 347 - Creating joint gripper_link
2026-09-25 17:31:47,438 INFO  ExportHelperExtension.cs: 1397 - Fixing components for forearm_link
2026-09-25 17:31:47,438 INFO  ExportHelperExtension.cs: 1402 - Fixing 57
2026-09-25 17:31:47,438 INFO  ExportHelperExtension.cs: 1402 - Fixing 62
2026-09-25 17:31:47,438 INFO  ExportHelperExtension.cs: 1402 - Fixing 82
2026-09-25 17:31:47,438 INFO  ExportHelperExtension.cs: 1402 - Fixing 86
2026-09-25 17:31:47,438 INFO  ExportHelperExtension.cs: 1402 - Fixing 77
2026-09-25 17:31:47,438 INFO  ExportHelperExtension.cs: 1402 - Fixing 132
2026-09-25 17:31:47,438 INFO  ExportHelperExtension.cs: 1402 - Fixing 56
2026-09-25 17:31:47,438 INFO  ExportHelperExtension.cs: 1402 - Fixing 61
2026-09-25 17:31:47,438 INFO  ExportHelperExtension.cs: 1402 - Fixing 47
2026-09-25 17:31:47,438 INFO  ExportHelperExtension.cs: 1402 - Fixing 140
2026-09-25 17:31:47,438 INFO  ExportHelperExtension.cs: 1402 - Fixing 235
2026-09-25 17:31:47,438 INFO  ExportHelperExtension.cs: 1402 - Fixing 236
2026-09-25 17:31:47,438 INFO  ExportHelperExtension.cs: 1402 - Fixing 237
2026-09-25 17:31:47,438 INFO  ExportHelperExtension.cs: 1402 - Fixing 37
2026-09-25 17:31:47,438 INFO  ExportHelperExtension.cs: 1402 - Fixing 133
2026-09-25 17:31:47,438 INFO  ExportHelperExtension.cs: 1402 - Fixing 42
2026-09-25 17:31:47,438 INFO  ExportHelperExtension.cs: 1402 - Fixing 134
2026-09-25 17:31:47,438 INFO  ExportHelperExtension.cs: 1402 - Fixing 135
2026-09-25 17:31:47,438 INFO  ExportHelperExtension.cs: 1402 - Fixing 136
2026-09-25 17:31:47,438 INFO  ExportHelperExtension.cs: 1402 - Fixing 121
2026-09-25 17:31:47,438 INFO  ExportHelperExtension.cs: 1402 - Fixing 141
2026-09-25 17:31:47,438 INFO  ExportHelperExtension.cs: 1402 - Fixing 142
2026-09-25 17:31:47,453 INFO  ExportHelperExtension.cs: 1402 - Fixing 143
2026-09-25 17:31:47,454 INFO  ExportHelperExtension.cs: 1402 - Fixing 144
2026-09-25 17:31:47,454 INFO  ExportHelperExtension.cs: 1402 - Fixing 181
2026-09-25 17:31:47,454 INFO  ExportHelperExtension.cs: 1402 - Fixing 30
2026-09-25 17:31:47,456 INFO  ExportHelperExtension.cs: 1402 - Fixing 238
2026-09-25 17:31:47,457 INFO  ExportHelperExtension.cs: 1402 - Fixing 239
2026-09-25 17:31:47,457 INFO  ExportHelperExtension.cs: 1402 - Fixing 240
2026-09-25 17:31:47,457 INFO  ExportHelperExtension.cs: 1402 - Fixing 241
2026-09-25 17:31:47,464 INFO  ExportHelperExtension.cs: 1402 - Fixing 242
2026-09-25 17:31:47,469 INFO  ExportHelperExtension.cs: 1402 - Fixing 243
2026-09-25 17:31:47,469 INFO  ExportHelperExtension.cs: 1402 - Fixing 225
2026-09-25 17:31:47,469 INFO  ExportHelperExtension.cs: 1402 - Fixing 247
2026-09-25 17:31:47,471 INFO  ExportHelperExtension.cs: 1402 - Fixing 248
2026-09-25 17:31:47,471 INFO  ExportHelperExtension.cs: 1402 - Fixing 249
2026-09-25 17:31:47,471 INFO  ExportHelperExtension.cs: 1402 - Fixing 250
2026-09-25 17:31:47,473 INFO  ExportHelperExtension.cs: 1402 - Fixing 251
2026-09-25 17:31:47,473 INFO  ExportHelperExtension.cs: 1402 - Fixing 252
2026-09-25 17:31:47,473 INFO  ExportHelperExtension.cs: 1402 - Fixing 253
2026-09-25 17:31:47,475 INFO  ExportHelperExtension.cs: 1402 - Fixing -1
2026-09-25 17:31:47,475 INFO  ExportHelperExtension.cs: 1402 - Fixing 24
2026-09-25 17:31:47,475 INFO  ExportHelperExtension.cs: 1402 - Fixing 171
2026-09-25 17:31:47,475 INFO  ExportHelperExtension.cs: 1402 - Fixing 182
2026-09-25 17:31:47,477 INFO  ExportHelperExtension.cs: 1402 - Fixing 183
2026-09-25 17:31:47,477 INFO  ExportHelperExtension.cs: 1402 - Fixing 184
2026-09-25 17:31:47,479 INFO  ExportHelperExtension.cs: 1402 - Fixing 185
2026-09-25 17:31:47,479 INFO  ExportHelperExtension.cs: 1402 - Fixing 189
2026-09-25 17:31:47,481 INFO  ExportHelperExtension.cs: 1402 - Fixing 190
2026-09-25 17:31:47,483 INFO  ExportHelperExtension.cs: 1402 - Fixing 191
2026-09-25 17:31:47,483 INFO  ExportHelperExtension.cs: 1402 - Fixing 192
2026-09-25 17:31:47,483 INFO  ExportHelperExtension.cs: 1402 - Fixing 193
2026-09-25 17:31:54,246 INFO  : 0 - R1: 1, System.__ComObject, 1, System.Double[]
2026-09-25 17:31:54,254 INFO  ExportHelperExtension.cs: 841 - R2: 0, 0
2026-09-25 17:31:54,255 INFO  ExportHelperExtension.cs: 849 - L1: 0
2026-09-25 17:31:54,256 INFO  ExportHelperExtension.cs: 857 - L2: 0
2026-09-25 17:31:54,256 INFO  ExportHelperExtension.cs: 1352 - Unfixing component 57
2026-09-25 17:31:54,256 INFO  ExportHelperExtension.cs: 1352 - Unfixing component 62
2026-09-25 17:31:54,256 INFO  ExportHelperExtension.cs: 1352 - Unfixing component 82
2026-09-25 17:31:54,256 INFO  ExportHelperExtension.cs: 1352 - Unfixing component 86
2026-09-25 17:31:54,256 INFO  ExportHelperExtension.cs: 1352 - Unfixing component 77
2026-09-25 17:31:54,256 INFO  ExportHelperExtension.cs: 1352 - Unfixing component 132
2026-09-25 17:31:54,269 INFO  ExportHelperExtension.cs: 1352 - Unfixing component 56
2026-09-25 17:31:54,270 INFO  ExportHelperExtension.cs: 1352 - Unfixing component 61
2026-09-25 17:31:54,271 INFO  ExportHelperExtension.cs: 1352 - Unfixing component 47
2026-09-25 17:31:54,271 INFO  ExportHelperExtension.cs: 1352 - Unfixing component 140
2026-09-25 17:31:54,272 INFO  ExportHelperExtension.cs: 1352 - Unfixing component 235
2026-09-25 17:31:54,272 INFO  ExportHelperExtension.cs: 1352 - Unfixing component 236
2026-09-25 17:31:54,272 INFO  ExportHelperExtension.cs: 1352 - Unfixing component 237
2026-09-25 17:31:54,272 INFO  ExportHelperExtension.cs: 1352 - Unfixing component 37
2026-09-25 17:31:54,272 INFO  ExportHelperExtension.cs: 1352 - Unfixing component 133
2026-09-25 17:31:54,272 INFO  ExportHelperExtension.cs: 1352 - Unfixing component 42
2026-09-25 17:31:54,274 INFO  ExportHelperExtension.cs: 1352 - Unfixing component 134
2026-09-25 17:31:54,275 INFO  ExportHelperExtension.cs: 1352 - Unfixing component 135
2026-09-25 17:31:54,275 INFO  ExportHelperExtension.cs: 1352 - Unfixing component 136
2026-09-25 17:31:54,275 INFO  ExportHelperExtension.cs: 1352 - Unfixing component 121
2026-09-25 17:31:54,275 INFO  ExportHelperExtension.cs: 1352 - Unfixing component 141
2026-09-25 17:31:54,275 INFO  ExportHelperExtension.cs: 1352 - Unfixing component 142
2026-09-25 17:31:54,278 INFO  ExportHelperExtension.cs: 1352 - Unfixing component 143
2026-09-25 17:31:54,279 INFO  ExportHelperExtension.cs: 1352 - Unfixing component 144
2026-09-25 17:31:54,279 INFO  ExportHelperExtension.cs: 1352 - Unfixing component 181
2026-09-25 17:31:54,279 INFO  ExportHelperExtension.cs: 1352 - Unfixing component 30
2026-09-25 17:31:54,279 INFO  ExportHelperExtension.cs: 1352 - Unfixing component 238
2026-09-25 17:31:54,279 INFO  ExportHelperExtension.cs: 1352 - Unfixing component 239
2026-09-25 17:31:54,279 INFO  ExportHelperExtension.cs: 1352 - Unfixing component 240
2026-09-25 17:31:54,279 INFO  ExportHelperExtension.cs: 1352 - Unfixing component 241
2026-09-25 17:31:54,279 INFO  ExportHelperExtension.cs: 1352 - Unfixing component 242
2026-09-25 17:31:54,279 INFO  ExportHelperExtension.cs: 1352 - Unfixing component 243
2026-09-25 17:31:54,279 INFO  ExportHelperExtension.cs: 1352 - Unfixing component 225
2026-09-25 17:31:54,279 INFO  ExportHelperExtension.cs: 1352 - Unfixing component 247
2026-09-25 17:31:54,279 INFO  ExportHelperExtension.cs: 1352 - Unfixing component 248
2026-09-25 17:31:54,279 INFO  ExportHelperExtension.cs: 1352 - Unfixing component 249
2026-09-25 17:31:54,279 INFO  ExportHelperExtension.cs: 1352 - Unfixing component 250
2026-09-25 17:31:54,284 INFO  ExportHelperExtension.cs: 1352 - Unfixing component 251
2026-09-25 17:31:54,285 INFO  ExportHelperExtension.cs: 1352 - Unfixing component 252
2026-09-25 17:31:54,286 INFO  ExportHelperExtension.cs: 1352 - Unfixing component 253
2026-09-25 17:31:54,286 INFO  ExportHelperExtension.cs: 1352 - Unfixing component -1
2026-09-25 17:31:54,286 INFO  ExportHelperExtension.cs: 1352 - Unfixing component 24
2026-09-25 17:31:54,286 INFO  ExportHelperExtension.cs: 1352 - Unfixing component 171
2026-09-25 17:31:54,288 INFO  ExportHelperExtension.cs: 1352 - Unfixing component 182
2026-09-25 17:31:54,288 INFO  ExportHelperExtension.cs: 1352 - Unfixing component 183
2026-09-25 17:31:54,288 INFO  ExportHelperExtension.cs: 1352 - Unfixing component 184
2026-09-25 17:31:54,288 INFO  ExportHelperExtension.cs: 1352 - Unfixing component 185
2026-09-25 17:31:54,288 INFO  ExportHelperExtension.cs: 1352 - Unfixing component 189
2026-09-25 17:31:54,288 INFO  ExportHelperExtension.cs: 1352 - Unfixing component 190
2026-09-25 17:31:54,288 INFO  ExportHelperExtension.cs: 1352 - Unfixing component 191
2026-09-25 17:31:54,288 INFO  ExportHelperExtension.cs: 1352 - Unfixing component 192
2026-09-25 17:31:54,288 INFO  ExportHelperExtension.cs: 1352 - Unfixing component 193
2026-09-25 17:32:10,309 WARN  ExportHelperExtension.cs: 351 - Creating joint from parent forearm_link to child gripper_link failed
2026-09-25 17:32:10,373 INFO  ExportHelperExtension.cs: 347 - Creating joint end_effector
2026-09-25 17:32:10,373 INFO  ExportHelperExtension.cs: 1397 - Fixing components for gripper_link
2026-09-25 17:32:10,389 INFO  ExportHelperExtension.cs: 1402 - Fixing 78
2026-09-25 17:32:10,389 INFO  ExportHelperExtension.cs: 1402 - Fixing 57
2026-09-25 17:32:10,389 INFO  ExportHelperExtension.cs: 1402 - Fixing 62
2026-09-25 17:32:10,389 INFO  ExportHelperExtension.cs: 1402 - Fixing 82
2026-09-25 17:32:10,389 INFO  ExportHelperExtension.cs: 1402 - Fixing 86
2026-09-25 17:32:10,389 INFO  ExportHelperExtension.cs: 1402 - Fixing 77
2026-09-25 17:32:10,389 INFO  ExportHelperExtension.cs: 1402 - Fixing 132
2026-09-25 17:32:10,389 INFO  ExportHelperExtension.cs: 1402 - Fixing 56
2026-09-25 17:32:10,389 INFO  ExportHelperExtension.cs: 1402 - Fixing 61
2026-09-25 17:32:10,389 INFO  ExportHelperExtension.cs: 1402 - Fixing 47
2026-09-25 17:32:10,389 INFO  ExportHelperExtension.cs: 1402 - Fixing 140
2026-09-25 17:32:10,389 INFO  ExportHelperExtension.cs: 1402 - Fixing 235
2026-09-25 17:32:10,389 INFO  ExportHelperExtension.cs: 1402 - Fixing 236
2026-09-25 17:32:10,389 INFO  ExportHelperExtension.cs: 1402 - Fixing 237
2026-09-25 17:32:10,389 INFO  ExportHelperExtension.cs: 1402 - Fixing 37
2026-09-25 17:32:10,389 INFO  ExportHelperExtension.cs: 1402 - Fixing 133
2026-09-25 17:32:10,389 INFO  ExportHelperExtension.cs: 1402 - Fixing 42
2026-09-25 17:32:10,389 INFO  ExportHelperExtension.cs: 1402 - Fixing 134
2026-09-25 17:32:10,389 INFO  ExportHelperExtension.cs: 1402 - Fixing 135
2026-09-25 17:32:10,389 INFO  ExportHelperExtension.cs: 1402 - Fixing 136
2026-09-25 17:32:10,389 INFO  ExportHelperExtension.cs: 1402 - Fixing 121
2026-09-25 17:32:10,389 INFO  ExportHelperExtension.cs: 1402 - Fixing 141
2026-09-25 17:32:10,389 INFO  ExportHelperExtension.cs: 1402 - Fixing 142
2026-09-25 17:32:10,389 INFO  ExportHelperExtension.cs: 1402 - Fixing 143
2026-09-25 17:32:10,389 INFO  ExportHelperExtension.cs: 1402 - Fixing 144
2026-09-25 17:32:10,389 INFO  ExportHelperExtension.cs: 1402 - Fixing 181
2026-09-25 17:32:10,405 INFO  ExportHelperExtension.cs: 1402 - Fixing 30
2026-09-25 17:32:10,405 INFO  ExportHelperExtension.cs: 1402 - Fixing 238
2026-09-25 17:32:10,405 INFO  ExportHelperExtension.cs: 1402 - Fixing 239
2026-09-25 17:32:10,405 INFO  ExportHelperExtension.cs: 1402 - Fixing 240
2026-09-25 17:32:10,405 INFO  ExportHelperExtension.cs: 1402 - Fixing 241
2026-09-25 17:32:10,405 INFO  ExportHelperExtension.cs: 1402 - Fixing 242
2026-09-25 17:32:10,405 INFO  ExportHelperExtension.cs: 1402 - Fixing 243
2026-09-25 17:32:10,405 INFO  ExportHelperExtension.cs: 1402 - Fixing 225
2026-09-25 17:32:10,405 INFO  ExportHelperExtension.cs: 1402 - Fixing 247
2026-09-25 17:32:10,405 INFO  ExportHelperExtension.cs: 1402 - Fixing 248
2026-09-25 17:32:10,405 INFO  ExportHelperExtension.cs: 1402 - Fixing 249
2026-09-25 17:32:10,405 INFO  ExportHelperExtension.cs: 1402 - Fixing 250
2026-09-25 17:32:10,405 INFO  ExportHelperExtension.cs: 1402 - Fixing 251
2026-09-25 17:32:10,423 INFO  ExportHelperExtension.cs: 1402 - Fixing 252
2026-09-25 17:32:10,423 INFO  ExportHelperExtension.cs: 1402 - Fixing 253
2026-09-25 17:32:10,423 INFO  ExportHelperExtension.cs: 1402 - Fixing -1
2026-09-25 17:32:10,423 INFO  ExportHelperExtension.cs: 1402 - Fixing 24
2026-09-25 17:32:10,423 INFO  ExportHelperExtension.cs: 1402 - Fixing 171
2026-09-25 17:32:10,423 INFO  ExportHelperExtension.cs: 1402 - Fixing 182
2026-09-25 17:32:10,423 INFO  ExportHelperExtension.cs: 1402 - Fixing 183
2026-09-25 17:32:10,423 INFO  ExportHelperExtension.cs: 1402 - Fixing 184
2026-09-25 17:32:10,423 INFO  ExportHelperExtension.cs: 1402 - Fixing 185
2026-09-25 17:32:10,423 INFO  ExportHelperExtension.cs: 1402 - Fixing 189
2026-09-25 17:32:10,423 INFO  ExportHelperExtension.cs: 1402 - Fixing 190
2026-09-25 17:32:10,423 INFO  ExportHelperExtension.cs: 1402 - Fixing 191
2026-09-25 17:32:10,423 INFO  ExportHelperExtension.cs: 1402 - Fixing 192
2026-09-25 17:32:10,423 INFO  ExportHelperExtension.cs: 1402 - Fixing 193
2026-09-25 17:32:17,292 INFO  ExportHelperExtension.cs: 832 - R1: 0, 0
2026-09-25 17:32:17,294 INFO  ExportHelperExtension.cs: 841 - R2: 0, 0
2026-09-25 17:32:17,294 INFO  ExportHelperExtension.cs: 849 - L1: 0
2026-09-25 17:32:17,295 INFO  ExportHelperExtension.cs: 857 - L2: 0
2026-09-25 17:32:17,296 INFO  ExportHelperExtension.cs: 1352 - Unfixing component 78
2026-09-25 17:32:17,297 INFO  ExportHelperExtension.cs: 1352 - Unfixing component 57
2026-09-25 17:32:17,298 INFO  ExportHelperExtension.cs: 1352 - Unfixing component 62
2026-09-25 17:32:17,299 INFO  ExportHelperExtension.cs: 1352 - Unfixing component 82
2026-09-25 17:32:17,299 INFO  ExportHelperExtension.cs: 1352 - Unfixing component 86
2026-09-25 17:32:17,299 INFO  ExportHelperExtension.cs: 1352 - Unfixing component 77
2026-09-25 17:32:17,299 INFO  ExportHelperExtension.cs: 1352 - Unfixing component 132
2026-09-25 17:32:17,299 INFO  ExportHelperExtension.cs: 1352 - Unfixing component 56
2026-09-25 17:32:17,303 INFO  ExportHelperExtension.cs: 1352 - Unfixing component 61
2026-09-25 17:32:17,303 INFO  ExportHelperExtension.cs: 1352 - Unfixing component 47
2026-09-25 17:32:17,303 INFO  ExportHelperExtension.cs: 1352 - Unfixing component 140
2026-09-25 17:32:17,305 INFO  ExportHelperExtension.cs: 1352 - Unfixing component 235
2026-09-25 17:32:17,305 INFO  ExportHelperExtension.cs: 1352 - Unfixing component 236
2026-09-25 17:32:17,305 INFO  ExportHelperExtension.cs: 1352 - Unfixing component 237
2026-09-25 17:32:17,305 INFO  ExportHelperExtension.cs: 1352 - Unfixing component 37
2026-09-25 17:32:17,308 INFO  ExportHelperExtension.cs: 1352 - Unfixing component 133
2026-09-25 17:32:17,308 INFO  ExportHelperExtension.cs: 1352 - Unfixing component 42
2026-09-25 17:32:17,308 INFO  ExportHelperExtension.cs: 1352 - Unfixing component 134
2026-09-25 17:32:17,308 INFO  ExportHelperExtension.cs: 1352 - Unfixing component 135
2026-09-25 17:32:17,308 INFO  ExportHelperExtension.cs: 1352 - Unfixing component 136
2026-09-25 17:32:17,310 INFO  ExportHelperExtension.cs: 1352 - Unfixing component 121
2026-09-25 17:32:17,310 INFO  ExportHelperExtension.cs: 1352 - Unfixing component 141
2026-09-25 17:32:17,310 INFO  ExportHelperExtension.cs: 1352 - Unfixing component 142
2026-09-25 17:32:17,310 INFO  ExportHelperExtension.cs: 1352 - Unfixing component 143
2026-09-25 17:32:17,310 INFO  ExportHelperExtension.cs: 1352 - Unfixing component 144
2026-09-25 17:32:17,312 INFO  ExportHelperExtension.cs: 1352 - Unfixing component 181
2026-09-25 17:32:17,312 INFO  ExportHelperExtension.cs: 1352 - Unfixing component 30
2026-09-25 17:32:17,312 INFO  ExportHelperExtension.cs: 1352 - Unfixing component 238
2026-09-25 17:32:17,314 INFO  ExportHelperExtension.cs: 1352 - Unfixing component 239
2026-09-25 17:32:17,314 INFO  ExportHelperExtension.cs: 1352 - Unfixing component 240
2026-09-25 17:32:17,314 INFO  ExportHelperExtension.cs: 1352 - Unfixing component 241
2026-09-25 17:32:17,314 INFO  ExportHelperExtension.cs: 1352 - Unfixing component 242
2026-09-25 17:32:17,314 INFO  ExportHelperExtension.cs: 1352 - Unfixing component 243
2026-09-25 17:32:17,316 INFO  ExportHelperExtension.cs: 1352 - Unfixing component 225
2026-09-25 17:32:17,316 INFO  ExportHelperExtension.cs: 1352 - Unfixing component 247
2026-09-25 17:32:17,316 INFO  ExportHelperExtension.cs: 1352 - Unfixing component 248
2026-09-25 17:32:17,316 INFO  ExportHelperExtension.cs: 1352 - Unfixing component 249
2026-09-25 17:32:17,316 INFO  ExportHelperExtension.cs: 1352 - Unfixing component 250
2026-09-25 17:32:17,318 INFO  ExportHelperExtension.cs: 1352 - Unfixing component 251
2026-09-25 17:32:17,318 INFO  ExportHelperExtension.cs: 1352 - Unfixing component 252
2026-09-25 17:32:17,318 INFO  ExportHelperExtension.cs: 1352 - Unfixing component 253
2026-09-25 17:32:17,318 INFO  ExportHelperExtension.cs: 1352 - Unfixing component -1
2026-09-25 17:32:17,318 INFO  ExportHelperExtension.cs: 1352 - Unfixing component 24
2026-09-25 17:32:17,320 INFO  ExportHelperExtension.cs: 1352 - Unfixing component 171
2026-09-25 17:32:17,320 INFO  ExportHelperExtension.cs: 1352 - Unfixing component 182
2026-09-25 17:32:17,320 INFO  ExportHelperExtension.cs: 1352 - Unfixing component 183
2026-09-25 17:32:17,320 INFO  ExportHelperExtension.cs: 1352 - Unfixing component 184
2026-09-25 17:32:17,320 INFO  ExportHelperExtension.cs: 1352 - Unfixing component 185
2026-09-25 17:32:17,322 INFO  ExportHelperExtension.cs: 1352 - Unfixing component 189
2026-09-25 17:32:17,322 INFO  ExportHelperExtension.cs: 1352 - Unfixing component 190
2026-09-25 17:32:17,322 INFO  ExportHelperExtension.cs: 1352 - Unfixing component 191
2026-09-25 17:32:17,323 INFO  ExportHelperExtension.cs: 1352 - Unfixing component 192
2026-09-25 17:32:17,323 INFO  ExportHelperExtension.cs: 1352 - Unfixing component 193
2026-09-25 17:32:33,825 WARN  ExportHelperExtension.cs: 351 - Creating joint from parent gripper_link to child end_effector failed
2026-09-25 17:32:35,355 INFO  ExportHelperExtension.cs: 1125 - Retrieving features of type [CoordSys] from 5-DOF_Arm_ASY
2026-09-25 17:32:35,406 INFO  ExportHelperExtension.cs: 1136 - Found 208 in 5-DOF_Arm_ASY
2026-09-25 17:32:35,417 INFO  ExportHelperExtension.cs: 1145 - Found 7 features of type [CoordSys] in 5-DOF_Arm_ASY
2026-09-25 17:32:35,417 INFO  ExportHelperExtension.cs: 1148 - Proceeding through assembly components
2026-09-25 17:32:35,417 INFO  ExportHelperExtension.cs: 1160 - 53 components to check
2026-09-25 17:32:35,417 INFO  ExportHelperExtension.cs: 1125 - Retrieving features of type [CoordSys] from 15-output_wall-4
2026-09-25 17:32:35,417 INFO  ExportHelperExtension.cs: 1136 - Found 38 in 15-output_wall-4
2026-09-25 17:32:35,417 INFO  ExportHelperExtension.cs: 1145 - Found 0 features of type [CoordSys] in 15-output_wall-4
2026-09-25 17:32:35,417 INFO  ExportHelperExtension.cs: 1125 - Retrieving features of type [CoordSys] from 15-output_wall-3
2026-09-25 17:32:35,417 INFO  ExportHelperExtension.cs: 1136 - Found 38 in 15-output_wall-3
2026-09-25 17:32:35,417 INFO  ExportHelperExtension.cs: 1145 - Found 0 features of type [CoordSys] in 15-output_wall-3
2026-09-25 17:32:35,417 INFO  ExportHelperExtension.cs: 1125 - Retrieving features of type [CoordSys] from 15-motor+housing+coupler_ASY-2
2026-09-25 17:32:35,417 INFO  ExportHelperExtension.cs: 1136 - Found 35 in 15-motor+housing+coupler_ASY-2
2026-09-25 17:32:35,417 INFO  ExportHelperExtension.cs: 1145 - Found 0 features of type [CoordSys] in 15-motor+housing+coupler_ASY-2
2026-09-25 17:32:35,417 INFO  ExportHelperExtension.cs: 1125 - Retrieving features of type [CoordSys] from base_support-1
2026-09-25 17:32:35,417 INFO  ExportHelperExtension.cs: 1136 - Found 33 in base_support-1
2026-09-25 17:32:35,417 INFO  ExportHelperExtension.cs: 1145 - Found 0 features of type [CoordSys] in base_support-1
2026-09-25 17:32:35,417 INFO  ExportHelperExtension.cs: 1125 - Retrieving features of type [CoordSys] from 15-middle_wall-2
2026-09-25 17:32:35,417 INFO  ExportHelperExtension.cs: 1136 - Found 48 in 15-middle_wall-2
2026-09-25 17:32:35,417 INFO  ExportHelperExtension.cs: 1145 - Found 0 features of type [CoordSys] in 15-middle_wall-2
2026-09-25 17:32:35,417 INFO  ExportHelperExtension.cs: 1125 - Retrieving features of type [CoordSys] from shoulder_bolt-6
2026-09-25 17:32:35,417 INFO  ExportHelperExtension.cs: 1136 - Found 31 in shoulder_bolt-6
2026-09-25 17:32:35,417 INFO  ExportHelperExtension.cs: 1145 - Found 0 features of type [CoordSys] in shoulder_bolt-6
2026-09-25 17:32:35,417 INFO  ExportHelperExtension.cs: 1125 - Retrieving features of type [CoordSys] from shoulder_bolt-10
2026-09-25 17:32:35,417 INFO  ExportHelperExtension.cs: 1136 - Found 31 in shoulder_bolt-10
2026-09-25 17:32:35,417 INFO  ExportHelperExtension.cs: 1145 - Found 0 features of type [CoordSys] in shoulder_bolt-10
2026-09-25 17:32:35,417 INFO  ExportHelperExtension.cs: 1125 - Retrieving features of type [CoordSys] from shoulder_bolt-19
2026-09-25 17:32:35,417 INFO  ExportHelperExtension.cs: 1136 - Found 31 in shoulder_bolt-19
2026-09-25 17:32:35,417 INFO  ExportHelperExtension.cs: 1145 - Found 0 features of type [CoordSys] in shoulder_bolt-19
2026-09-25 17:32:35,417 INFO  ExportHelperExtension.cs: 1125 - Retrieving features of type [CoordSys] from shoulder_bolt-9
2026-09-25 17:32:35,433 INFO  ExportHelperExtension.cs: 1136 - Found 31 in shoulder_bolt-9
2026-09-25 17:32:35,433 INFO  ExportHelperExtension.cs: 1145 - Found 0 features of type [CoordSys] in shoulder_bolt-9
2026-09-25 17:32:35,433 INFO  ExportHelperExtension.cs: 1125 - Retrieving features of type [CoordSys] from shoulder_bolt-20
2026-09-25 17:32:35,433 INFO  ExportHelperExtension.cs: 1136 - Found 31 in shoulder_bolt-20
2026-09-25 17:32:35,433 INFO  ExportHelperExtension.cs: 1145 - Found 0 features of type [CoordSys] in shoulder_bolt-20
2026-09-25 17:32:35,433 INFO  ExportHelperExtension.cs: 1125 - Retrieving features of type [CoordSys] from shoulder_bolt-16
2026-09-25 17:32:35,433 INFO  ExportHelperExtension.cs: 1136 - Found 31 in shoulder_bolt-16
2026-09-25 17:32:35,433 INFO  ExportHelperExtension.cs: 1145 - Found 0 features of type [CoordSys] in shoulder_bolt-16
2026-09-25 17:32:35,433 INFO  ExportHelperExtension.cs: 1125 - Retrieving features of type [CoordSys] from shoulder_bolt-11
2026-09-25 17:32:35,433 INFO  ExportHelperExtension.cs: 1136 - Found 31 in shoulder_bolt-11
2026-09-25 17:32:35,433 INFO  ExportHelperExtension.cs: 1145 - Found 0 features of type [CoordSys] in shoulder_bolt-11
2026-09-25 17:32:35,433 INFO  ExportHelperExtension.cs: 1125 - Retrieving features of type [CoordSys] from shoulder_bolt-15
2026-09-25 17:32:35,903 INFO  ExportHelperExtension.cs: 1136 - Found 31 in shoulder_bolt-15
2026-09-25 17:32:35,903 INFO  ExportHelperExtension.cs: 1145 - Found 0 features of type [CoordSys] in shoulder_bolt-15
2026-09-25 17:32:35,903 INFO  ExportHelperExtension.cs: 1125 - Retrieving features of type [CoordSys] from shoulder_bolt-12
2026-09-25 17:32:35,903 INFO  ExportHelperExtension.cs: 1136 - Found 31 in shoulder_bolt-12
2026-09-25 17:32:35,903 INFO  ExportHelperExtension.cs: 1145 - Found 0 features of type [CoordSys] in shoulder_bolt-12
2026-09-25 17:32:35,903 INFO  ExportHelperExtension.cs: 1125 - Retrieving features of type [CoordSys] from shoulder_bolt-17
2026-09-25 17:32:35,903 INFO  ExportHelperExtension.cs: 1136 - Found 31 in shoulder_bolt-17
2026-09-25 17:32:35,911 INFO  ExportHelperExtension.cs: 1145 - Found 0 features of type [CoordSys] in shoulder_bolt-17
2026-09-25 17:32:35,912 INFO  ExportHelperExtension.cs: 1125 - Retrieving features of type [CoordSys] from shoulder_bolt-8
2026-09-25 17:32:35,912 INFO  ExportHelperExtension.cs: 1136 - Found 31 in shoulder_bolt-8
2026-09-25 17:32:35,912 INFO  ExportHelperExtension.cs: 1145 - Found 0 features of type [CoordSys] in shoulder_bolt-8
2026-09-25 17:32:35,912 INFO  ExportHelperExtension.cs: 1125 - Retrieving features of type [CoordSys] from shoulder_bolt-14
2026-09-25 17:32:35,912 INFO  ExportHelperExtension.cs: 1136 - Found 31 in shoulder_bolt-14
2026-09-25 17:32:35,912 INFO  ExportHelperExtension.cs: 1145 - Found 0 features of type [CoordSys] in shoulder_bolt-14
2026-09-25 17:32:35,912 INFO  ExportHelperExtension.cs: 1125 - Retrieving features of type [CoordSys] from shoulder_bolt-18
2026-09-25 17:32:35,912 INFO  ExportHelperExtension.cs: 1136 - Found 31 in shoulder_bolt-18
2026-09-25 17:32:35,912 INFO  ExportHelperExtension.cs: 1145 - Found 0 features of type [CoordSys] in shoulder_bolt-18
2026-09-25 17:32:35,912 INFO  ExportHelperExtension.cs: 1125 - Retrieving features of type [CoordSys] from shoulder_bolt-3
2026-09-25 17:32:35,912 INFO  ExportHelperExtension.cs: 1136 - Found 31 in shoulder_bolt-3
2026-09-25 17:32:35,912 INFO  ExportHelperExtension.cs: 1145 - Found 0 features of type [CoordSys] in shoulder_bolt-3
2026-09-25 17:32:35,912 INFO  ExportHelperExtension.cs: 1125 - Retrieving features of type [CoordSys] from shoulder_bolt-5
2026-09-25 17:32:35,912 INFO  ExportHelperExtension.cs: 1136 - Found 31 in shoulder_bolt-5
2026-09-25 17:32:35,912 INFO  ExportHelperExtension.cs: 1145 - Found 0 features of type [CoordSys] in shoulder_bolt-5
2026-09-25 17:32:35,912 INFO  ExportHelperExtension.cs: 1125 - Retrieving features of type [CoordSys] from shoulder_bolt-4
2026-09-25 17:32:35,912 INFO  ExportHelperExtension.cs: 1136 - Found 31 in shoulder_bolt-4
2026-09-25 17:32:35,912 INFO  ExportHelperExtension.cs: 1145 - Found 0 features of type [CoordSys] in shoulder_bolt-4
2026-09-25 17:32:35,912 INFO  ExportHelperExtension.cs: 1125 - Retrieving features of type [CoordSys] from shoulder_bolt-2
2026-09-25 17:32:35,912 INFO  ExportHelperExtension.cs: 1136 - Found 31 in shoulder_bolt-2
2026-09-25 17:32:35,912 INFO  ExportHelperExtension.cs: 1145 - Found 0 features of type [CoordSys] in shoulder_bolt-2
2026-09-25 17:32:35,912 INFO  ExportHelperExtension.cs: 1125 - Retrieving features of type [CoordSys] from 30-disk+output+rollers_ASY-1
2026-09-25 17:32:35,912 INFO  ExportHelperExtension.cs: 1136 - Found 62 in 30-disk+output+rollers_ASY-1
2026-09-25 17:32:35,912 INFO  ExportHelperExtension.cs: 1145 - Found 0 features of type [CoordSys] in 30-disk+output+rollers_ASY-1
2026-09-25 17:32:35,912 INFO  ExportHelperExtension.cs: 1125 - Retrieving features of type [CoordSys] from 15-disk+output+rollers+flanges_ASY-2
2026-09-25 17:32:35,912 INFO  ExportHelperExtension.cs: 1136 - Found 38 in 15-disk+output+rollers+flanges_ASY-2
2026-09-25 17:32:35,912 INFO  ExportHelperExtension.cs: 1145 - Found 0 features of type [CoordSys] in 15-disk+output+rollers+flanges_ASY-2
2026-09-25 17:32:35,912 INFO  ExportHelperExtension.cs: 1125 - Retrieving features of type [CoordSys] from shoulder_bolt-7
2026-09-25 17:32:35,912 INFO  ExportHelperExtension.cs: 1136 - Found 31 in shoulder_bolt-7
2026-09-25 17:32:35,912 INFO  ExportHelperExtension.cs: 1145 - Found 0 features of type [CoordSys] in shoulder_bolt-7
2026-09-25 17:32:35,912 INFO  ExportHelperExtension.cs: 1125 - Retrieving features of type [CoordSys] from 30-middle_wall-1
2026-09-25 17:32:35,912 INFO  ExportHelperExtension.cs: 1136 - Found 42 in 30-middle_wall-1
2026-09-25 17:32:35,912 INFO  ExportHelperExtension.cs: 1145 - Found 0 features of type [CoordSys] in 30-middle_wall-1
2026-09-25 17:32:35,927 INFO  ExportHelperExtension.cs: 1125 - Retrieving features of type [CoordSys] from 30-output_wall-2
2026-09-25 17:32:35,928 INFO  ExportHelperExtension.cs: 1136 - Found 42 in 30-output_wall-2
2026-09-25 17:32:35,928 INFO  ExportHelperExtension.cs: 1145 - Found 0 features of type [CoordSys] in 30-output_wall-2
2026-09-25 17:32:35,928 INFO  ExportHelperExtension.cs: 1125 - Retrieving features of type [CoordSys] from bearings-1
2026-09-25 17:32:35,928 INFO  ExportHelperExtension.cs: 1136 - Found 33 in bearings-1
2026-09-25 17:32:35,928 INFO  ExportHelperExtension.cs: 1145 - Found 0 features of type [CoordSys] in bearings-1
2026-09-25 17:32:35,928 INFO  ExportHelperExtension.cs: 1125 - Retrieving features of type [CoordSys] from 30-output_wall-1
2026-09-25 17:32:35,928 INFO  ExportHelperExtension.cs: 1136 - Found 42 in 30-output_wall-1
2026-09-25 17:32:35,928 INFO  ExportHelperExtension.cs: 1145 - Found 0 features of type [CoordSys] in 30-output_wall-1
2026-09-25 17:32:35,928 INFO  ExportHelperExtension.cs: 1125 - Retrieving features of type [CoordSys] from bearings-2
2026-09-25 17:32:35,928 INFO  ExportHelperExtension.cs: 1136 - Found 33 in bearings-2
2026-09-25 17:32:35,928 INFO  ExportHelperExtension.cs: 1145 - Found 0 features of type [CoordSys] in bearings-2
2026-09-25 17:32:35,928 INFO  ExportHelperExtension.cs: 1125 - Retrieving features of type [CoordSys] from shoulder_bolt-13
2026-09-25 17:32:35,928 INFO  ExportHelperExtension.cs: 1136 - Found 31 in shoulder_bolt-13
2026-09-25 17:32:35,928 INFO  ExportHelperExtension.cs: 1145 - Found 0 features of type [CoordSys] in shoulder_bolt-13
2026-09-25 17:32:35,928 INFO  ExportHelperExtension.cs: 1125 - Retrieving features of type [CoordSys] from 15-J1-output-1
2026-09-25 17:32:35,928 INFO  ExportHelperExtension.cs: 1136 - Found 40 in 15-J1-output-1
2026-09-25 17:32:35,928 INFO  ExportHelperExtension.cs: 1145 - Found 0 features of type [CoordSys] in 15-J1-output-1
2026-09-25 17:32:35,928 INFO  ExportHelperExtension.cs: 1125 - Retrieving features of type [CoordSys] from 30-motor+housing+coupler_ASY-1
2026-09-25 17:32:35,928 INFO  ExportHelperExtension.cs: 1136 - Found 35 in 30-motor+housing+coupler_ASY-1
2026-09-25 17:32:35,928 INFO  ExportHelperExtension.cs: 1145 - Found 0 features of type [CoordSys] in 30-motor+housing+coupler_ASY-1
2026-09-25 17:32:35,928 INFO  ExportHelperExtension.cs: 1125 - Retrieving features of type [CoordSys] from tube_connector-1
2026-09-25 17:32:35,928 INFO  ExportHelperExtension.cs: 1136 - Found 38 in tube_connector-1
2026-09-25 17:32:35,928 INFO  ExportHelperExtension.cs: 1145 - Found 0 features of type [CoordSys] in tube_connector-1
2026-09-25 17:32:35,928 INFO  ExportHelperExtension.cs: 1125 - Retrieving features of type [CoordSys] from j4_connector-1
2026-09-25 17:32:35,928 INFO  ExportHelperExtension.cs: 1136 - Found 46 in j4_connector-1
2026-09-25 17:32:35,928 INFO  ExportHelperExtension.cs: 1145 - Found 0 features of type [CoordSys] in j4_connector-1
2026-09-25 17:32:35,928 INFO  ExportHelperExtension.cs: 1125 - Retrieving features of type [CoordSys] from 30-output_flange-1
2026-09-25 17:32:35,928 INFO  ExportHelperExtension.cs: 1136 - Found 30 in 30-output_flange-1
2026-09-25 17:32:35,928 INFO  ExportHelperExtension.cs: 1145 - Found 0 features of type [CoordSys] in 30-output_flange-1
2026-09-25 17:32:35,928 INFO  ExportHelperExtension.cs: 1125 - Retrieving features of type [CoordSys] from 30-output_flange-2
2026-09-25 17:32:35,928 INFO  ExportHelperExtension.cs: 1136 - Found 30 in 30-output_flange-2
2026-09-25 17:32:35,928 INFO  ExportHelperExtension.cs: 1145 - Found 0 features of type [CoordSys] in 30-output_flange-2
2026-09-25 17:32:35,943 INFO  ExportHelperExtension.cs: 1125 - Retrieving features of type [CoordSys] from 15-output_wall-1
2026-09-25 17:32:35,944 INFO  ExportHelperExtension.cs: 1136 - Found 38 in 15-output_wall-1
2026-09-25 17:32:35,944 INFO  ExportHelperExtension.cs: 1145 - Found 0 features of type [CoordSys] in 15-output_wall-1
2026-09-25 17:32:35,944 INFO  ExportHelperExtension.cs: 1125 - Retrieving features of type [CoordSys] from 15-output_wall-2
2026-09-25 17:32:35,946 INFO  ExportHelperExtension.cs: 1136 - Found 38 in 15-output_wall-2
2026-09-25 17:32:35,946 INFO  ExportHelperExtension.cs: 1145 - Found 0 features of type [CoordSys] in 15-output_wall-2
2026-09-25 17:32:35,947 INFO  ExportHelperExtension.cs: 1125 - Retrieving features of type [CoordSys] from 15-middle_wall-1
2026-09-25 17:32:35,947 INFO  ExportHelperExtension.cs: 1136 - Found 48 in 15-middle_wall-1
2026-09-25 17:32:35,948 INFO  ExportHelperExtension.cs: 1145 - Found 0 features of type [CoordSys] in 15-middle_wall-1
2026-09-25 17:32:35,948 INFO  ExportHelperExtension.cs: 1125 - Retrieving features of type [CoordSys] from shoulder_bolt-1
2026-09-25 17:32:35,950 INFO  ExportHelperExtension.cs: 1136 - Found 31 in shoulder_bolt-1
2026-09-25 17:32:35,950 INFO  ExportHelperExtension.cs: 1145 - Found 0 features of type [CoordSys] in shoulder_bolt-1
2026-09-25 17:32:35,950 INFO  ExportHelperExtension.cs: 1125 - Retrieving features of type [CoordSys] from carbon_fiber_tube-1
2026-09-25 17:32:35,951 INFO  ExportHelperExtension.cs: 1136 - Found 25 in carbon_fiber_tube-1
2026-09-25 17:32:35,953 INFO  ExportHelperExtension.cs: 1145 - Found 0 features of type [CoordSys] in carbon_fiber_tube-1
2026-09-25 17:32:35,953 INFO  ExportHelperExtension.cs: 1125 - Retrieving features of type [CoordSys] from 30-attachment_ASY-1
2026-09-25 17:32:35,954 INFO  ExportHelperExtension.cs: 1136 - Found 48 in 30-attachment_ASY-1
2026-09-25 17:32:35,954 INFO  ExportHelperExtension.cs: 1145 - Found 0 features of type [CoordSys] in 30-attachment_ASY-1
2026-09-25 17:32:35,954 INFO  ExportHelperExtension.cs: 1125 - Retrieving features of type [CoordSys] from 15-motor+housing+coupler_ASY-1
2026-09-25 17:32:35,956 INFO  ExportHelperExtension.cs: 1136 - Found 35 in 15-motor+housing+coupler_ASY-1
2026-09-25 17:32:35,958 INFO  ExportHelperExtension.cs: 1145 - Found 0 features of type [CoordSys] in 15-motor+housing+coupler_ASY-1
2026-09-25 17:32:35,958 INFO  ExportHelperExtension.cs: 1125 - Retrieving features of type [CoordSys] from 15-disk+output+rollers+flanges_ASY-1
2026-09-25 17:32:35,958 INFO  ExportHelperExtension.cs: 1136 - Found 38 in 15-disk+output+rollers+flanges_ASY-1
2026-09-25 17:32:35,959 INFO  ExportHelperExtension.cs: 1145 - Found 0 features of type [CoordSys] in 15-disk+output+rollers+flanges_ASY-1
2026-09-25 17:32:35,959 INFO  ExportHelperExtension.cs: 1125 - Retrieving features of type [CoordSys] from moteus_c1-2
2026-09-25 17:32:35,959 INFO  ExportHelperExtension.cs: 1136 - Found 36 in moteus_c1-2
2026-09-25 17:32:35,961 INFO  ExportHelperExtension.cs: 1145 - Found 0 features of type [CoordSys] in moteus_c1-2
2026-09-25 17:32:35,961 INFO  ExportHelperExtension.cs: 1125 - Retrieving features of type [CoordSys] from GIM3505-8-3D-Model-1
2026-09-25 17:32:35,963 INFO  ExportHelperExtension.cs: 1136 - Found 36 in GIM3505-8-3D-Model-1
2026-09-25 17:32:35,963 INFO  ExportHelperExtension.cs: 1145 - Found 0 features of type [CoordSys] in GIM3505-8-3D-Model-1
2026-09-25 17:32:35,963 INFO  ExportHelperExtension.cs: 1125 - Retrieving features of type [CoordSys] from j5_connector_1-1
2026-09-25 17:32:35,964 INFO  ExportHelperExtension.cs: 1136 - Found 35 in j5_connector_1-1
2026-09-25 17:32:35,964 INFO  ExportHelperExtension.cs: 1145 - Found 0 features of type [CoordSys] in j5_connector_1-1
2026-09-25 17:32:35,964 INFO  ExportHelperExtension.cs: 1125 - Retrieving features of type [CoordSys] from carbon_fiber_tube_j4j5-1
2026-09-25 17:32:35,966 INFO  ExportHelperExtension.cs: 1136 - Found 25 in carbon_fiber_tube_j4j5-1
2026-09-25 17:32:35,966 INFO  ExportHelperExtension.cs: 1145 - Found 0 features of type [CoordSys] in carbon_fiber_tube_j4j5-1
2026-09-25 17:32:35,966 INFO  ExportHelperExtension.cs: 1125 - Retrieving features of type [CoordSys] from camera+gripper+connector-1
2026-09-25 17:32:35,967 INFO  ExportHelperExtension.cs: 1136 - Found 28 in camera+gripper+connector-1
2026-09-25 17:32:35,967 INFO  ExportHelperExtension.cs: 1145 - Found 0 features of type [CoordSys] in camera+gripper+connector-1
2026-09-25 17:32:35,967 INFO  ExportHelperExtension.cs: 1125 - Retrieving features of type [CoordSys] from moteus_c1-1
2026-09-25 17:32:35,991 INFO  ExportHelperExtension.cs: 1136 - Found 36 in moteus_c1-1
2026-09-25 17:32:35,991 INFO  ExportHelperExtension.cs: 1145 - Found 0 features of type [CoordSys] in moteus_c1-1
2026-09-25 17:32:35,991 INFO  ExportHelperExtension.cs: 1125 - Retrieving features of type [CoordSys] from j5_connector_2-1
2026-09-25 17:32:35,991 INFO  ExportHelperExtension.cs: 1136 - Found 50 in j5_connector_2-1
2026-09-25 17:32:35,991 INFO  ExportHelperExtension.cs: 1145 - Found 0 features of type [CoordSys] in j5_connector_2-1
2026-09-25 17:32:35,991 INFO  ExportHelperExtension.cs: 1125 - Retrieving features of type [CoordSys] from GIM3505-8-3D-Model-2
2026-09-25 17:32:35,991 INFO  ExportHelperExtension.cs: 1136 - Found 36 in GIM3505-8-3D-Model-2
2026-09-25 17:32:35,991 INFO  ExportHelperExtension.cs: 1145 - Found 0 features of type [CoordSys] in GIM3505-8-3D-Model-2
2026-09-25 17:32:35,991 INFO  ExportHelperExtension.cs: 1125 - Retrieving features of type [RefAxis] from 5-DOF_Arm_ASY
2026-09-25 17:32:35,991 INFO  ExportHelperExtension.cs: 1136 - Found 208 in 5-DOF_Arm_ASY
2026-09-25 17:32:35,991 INFO  ExportHelperExtension.cs: 1145 - Found 5 features of type [RefAxis] in 5-DOF_Arm_ASY
2026-09-25 17:32:35,991 INFO  ExportHelperExtension.cs: 1148 - Proceeding through assembly components
2026-09-25 17:32:35,991 INFO  ExportHelperExtension.cs: 1160 - 53 components to check
2026-09-25 17:32:35,991 INFO  ExportHelperExtension.cs: 1125 - Retrieving features of type [RefAxis] from 15-output_wall-4
2026-09-25 17:32:35,991 INFO  ExportHelperExtension.cs: 1136 - Found 38 in 15-output_wall-4
2026-09-25 17:32:35,991 INFO  ExportHelperExtension.cs: 1145 - Found 0 features of type [RefAxis] in 15-output_wall-4
2026-09-25 17:32:35,991 INFO  ExportHelperExtension.cs: 1125 - Retrieving features of type [RefAxis] from 15-output_wall-3
2026-09-25 17:32:35,991 INFO  ExportHelperExtension.cs: 1136 - Found 38 in 15-output_wall-3
2026-09-25 17:32:35,991 INFO  ExportHelperExtension.cs: 1145 - Found 0 features of type [RefAxis] in 15-output_wall-3
2026-09-25 17:32:35,991 INFO  ExportHelperExtension.cs: 1125 - Retrieving features of type [RefAxis] from 15-motor+housing+coupler_ASY-2
2026-09-25 17:32:35,991 INFO  ExportHelperExtension.cs: 1136 - Found 35 in 15-motor+housing+coupler_ASY-2
2026-09-25 17:32:35,991 INFO  ExportHelperExtension.cs: 1145 - Found 0 features of type [RefAxis] in 15-motor+housing+coupler_ASY-2
2026-09-25 17:32:35,991 INFO  ExportHelperExtension.cs: 1125 - Retrieving features of type [RefAxis] from base_support-1
2026-09-25 17:32:36,007 INFO  ExportHelperExtension.cs: 1136 - Found 33 in base_support-1
2026-09-25 17:32:36,007 INFO  ExportHelperExtension.cs: 1145 - Found 0 features of type [RefAxis] in base_support-1
2026-09-25 17:32:36,009 INFO  ExportHelperExtension.cs: 1125 - Retrieving features of type [RefAxis] from 15-middle_wall-2
2026-09-25 17:32:36,009 INFO  ExportHelperExtension.cs: 1136 - Found 48 in 15-middle_wall-2
2026-09-25 17:32:36,011 INFO  ExportHelperExtension.cs: 1145 - Found 2 features of type [RefAxis] in 15-middle_wall-2
2026-09-25 17:32:36,011 INFO  ExportHelperExtension.cs: 1125 - Retrieving features of type [RefAxis] from shoulder_bolt-6
2026-09-25 17:32:36,011 INFO  ExportHelperExtension.cs: 1136 - Found 31 in shoulder_bolt-6
2026-09-25 17:32:36,011 INFO  ExportHelperExtension.cs: 1145 - Found 0 features of type [RefAxis] in shoulder_bolt-6
2026-09-25 17:32:36,011 INFO  ExportHelperExtension.cs: 1125 - Retrieving features of type [RefAxis] from shoulder_bolt-10
2026-09-25 17:32:36,011 INFO  ExportHelperExtension.cs: 1136 - Found 31 in shoulder_bolt-10
2026-09-25 17:32:36,015 INFO  ExportHelperExtension.cs: 1145 - Found 0 features of type [RefAxis] in shoulder_bolt-10
2026-09-25 17:32:36,015 INFO  ExportHelperExtension.cs: 1125 - Retrieving features of type [RefAxis] from shoulder_bolt-19
2026-09-25 17:32:36,015 INFO  ExportHelperExtension.cs: 1136 - Found 31 in shoulder_bolt-19
2026-09-25 17:32:36,015 INFO  ExportHelperExtension.cs: 1145 - Found 0 features of type [RefAxis] in shoulder_bolt-19
2026-09-25 17:32:36,015 INFO  ExportHelperExtension.cs: 1125 - Retrieving features of type [RefAxis] from shoulder_bolt-9
2026-09-25 17:32:36,015 INFO  ExportHelperExtension.cs: 1136 - Found 31 in shoulder_bolt-9
2026-09-25 17:32:36,015 INFO  ExportHelperExtension.cs: 1145 - Found 0 features of type [RefAxis] in shoulder_bolt-9
2026-09-25 17:32:36,015 INFO  ExportHelperExtension.cs: 1125 - Retrieving features of type [RefAxis] from shoulder_bolt-20
2026-09-25 17:32:36,015 INFO  ExportHelperExtension.cs: 1136 - Found 31 in shoulder_bolt-20
2026-09-25 17:32:36,015 INFO  ExportHelperExtension.cs: 1145 - Found 0 features of type [RefAxis] in shoulder_bolt-20
2026-09-25 17:32:36,015 INFO  ExportHelperExtension.cs: 1125 - Retrieving features of type [RefAxis] from shoulder_bolt-16
2026-09-25 17:32:36,015 INFO  ExportHelperExtension.cs: 1136 - Found 31 in shoulder_bolt-16
2026-09-25 17:32:36,015 INFO  ExportHelperExtension.cs: 1145 - Found 0 features of type [RefAxis] in shoulder_bolt-16
2026-09-25 17:32:36,023 INFO  ExportHelperExtension.cs: 1125 - Retrieving features of type [RefAxis] from shoulder_bolt-11
2026-09-25 17:32:36,023 INFO  ExportHelperExtension.cs: 1136 - Found 31 in shoulder_bolt-11
2026-09-25 17:32:36,023 INFO  ExportHelperExtension.cs: 1145 - Found 0 features of type [RefAxis] in shoulder_bolt-11
2026-09-25 17:32:36,023 INFO  ExportHelperExtension.cs: 1125 - Retrieving features of type [RefAxis] from shoulder_bolt-15
2026-09-25 17:32:36,023 INFO  ExportHelperExtension.cs: 1136 - Found 31 in shoulder_bolt-15
2026-09-25 17:32:36,023 INFO  ExportHelperExtension.cs: 1145 - Found 0 features of type [RefAxis] in shoulder_bolt-15
2026-09-25 17:32:36,023 INFO  ExportHelperExtension.cs: 1125 - Retrieving features of type [RefAxis] from shoulder_bolt-12
2026-09-25 17:32:36,023 INFO  ExportHelperExtension.cs: 1136 - Found 31 in shoulder_bolt-12
2026-09-25 17:32:36,023 INFO  ExportHelperExtension.cs: 1145 - Found 0 features of type [RefAxis] in shoulder_bolt-12
2026-09-25 17:32:36,023 INFO  ExportHelperExtension.cs: 1125 - Retrieving features of type [RefAxis] from shoulder_bolt-17
2026-09-25 17:32:36,023 INFO  ExportHelperExtension.cs: 1136 - Found 31 in shoulder_bolt-17
2026-09-25 17:32:36,023 INFO  ExportHelperExtension.cs: 1145 - Found 0 features of type [RefAxis] in shoulder_bolt-17
2026-09-25 17:32:36,023 INFO  ExportHelperExtension.cs: 1125 - Retrieving features of type [RefAxis] from shoulder_bolt-8
2026-09-25 17:32:36,023 INFO  ExportHelperExtension.cs: 1136 - Found 31 in shoulder_bolt-8
2026-09-25 17:32:36,023 INFO  ExportHelperExtension.cs: 1145 - Found 0 features of type [RefAxis] in shoulder_bolt-8
2026-09-25 17:32:36,023 INFO  ExportHelperExtension.cs: 1125 - Retrieving features of type [RefAxis] from shoulder_bolt-14
2026-09-25 17:32:36,023 INFO  ExportHelperExtension.cs: 1136 - Found 31 in shoulder_bolt-14
2026-09-25 17:32:36,023 INFO  ExportHelperExtension.cs: 1145 - Found 0 features of type [RefAxis] in shoulder_bolt-14
2026-09-25 17:32:36,023 INFO  ExportHelperExtension.cs: 1125 - Retrieving features of type [RefAxis] from shoulder_bolt-18
2026-09-25 17:32:36,039 INFO  ExportHelperExtension.cs: 1136 - Found 31 in shoulder_bolt-18
2026-09-25 17:32:36,039 INFO  ExportHelperExtension.cs: 1145 - Found 0 features of type [RefAxis] in shoulder_bolt-18
2026-09-25 17:32:36,039 INFO  ExportHelperExtension.cs: 1125 - Retrieving features of type [RefAxis] from shoulder_bolt-3
2026-09-25 17:32:36,039 INFO  ExportHelperExtension.cs: 1136 - Found 31 in shoulder_bolt-3
2026-09-25 17:32:36,039 INFO  ExportHelperExtension.cs: 1145 - Found 0 features of type [RefAxis] in shoulder_bolt-3
2026-09-25 17:32:36,039 INFO  ExportHelperExtension.cs: 1125 - Retrieving features of type [RefAxis] from shoulder_bolt-5
2026-09-25 17:32:36,039 INFO  ExportHelperExtension.cs: 1136 - Found 31 in shoulder_bolt-5
2026-09-25 17:32:36,039 INFO  ExportHelperExtension.cs: 1145 - Found 0 features of type [RefAxis] in shoulder_bolt-5
2026-09-25 17:32:36,039 INFO  ExportHelperExtension.cs: 1125 - Retrieving features of type [RefAxis] from shoulder_bolt-4
2026-09-25 17:32:36,039 INFO  ExportHelperExtension.cs: 1136 - Found 31 in shoulder_bolt-4
2026-09-25 17:32:36,039 INFO  ExportHelperExtension.cs: 1145 - Found 0 features of type [RefAxis] in shoulder_bolt-4
2026-09-25 17:32:36,039 INFO  ExportHelperExtension.cs: 1125 - Retrieving features of type [RefAxis] from shoulder_bolt-2
2026-09-25 17:32:36,039 INFO  ExportHelperExtension.cs: 1136 - Found 31 in shoulder_bolt-2
2026-09-25 17:32:36,039 INFO  ExportHelperExtension.cs: 1145 - Found 0 features of type [RefAxis] in shoulder_bolt-2
2026-09-25 17:32:36,039 INFO  ExportHelperExtension.cs: 1125 - Retrieving features of type [RefAxis] from 30-disk+output+rollers_ASY-1
2026-09-25 17:32:36,039 INFO  ExportHelperExtension.cs: 1136 - Found 62 in 30-disk+output+rollers_ASY-1
2026-09-25 17:32:36,039 INFO  ExportHelperExtension.cs: 1145 - Found 0 features of type [RefAxis] in 30-disk+output+rollers_ASY-1
2026-09-25 17:32:36,039 INFO  ExportHelperExtension.cs: 1125 - Retrieving features of type [RefAxis] from 15-disk+output+rollers+flanges_ASY-2
2026-09-25 17:32:36,039 INFO  ExportHelperExtension.cs: 1136 - Found 38 in 15-disk+output+rollers+flanges_ASY-2
2026-09-25 17:32:36,039 INFO  ExportHelperExtension.cs: 1145 - Found 0 features of type [RefAxis] in 15-disk+output+rollers+flanges_ASY-2
2026-09-25 17:32:36,039 INFO  ExportHelperExtension.cs: 1125 - Retrieving features of type [RefAxis] from shoulder_bolt-7
2026-09-25 17:32:36,039 INFO  ExportHelperExtension.cs: 1136 - Found 31 in shoulder_bolt-7
2026-09-25 17:32:36,039 INFO  ExportHelperExtension.cs: 1145 - Found 0 features of type [RefAxis] in shoulder_bolt-7
2026-09-25 17:32:36,039 INFO  ExportHelperExtension.cs: 1125 - Retrieving features of type [RefAxis] from 30-middle_wall-1
2026-09-25 17:32:36,039 INFO  ExportHelperExtension.cs: 1136 - Found 42 in 30-middle_wall-1
2026-09-25 17:32:36,039 INFO  ExportHelperExtension.cs: 1145 - Found 2 features of type [RefAxis] in 30-middle_wall-1
2026-09-25 17:32:36,039 INFO  ExportHelperExtension.cs: 1125 - Retrieving features of type [RefAxis] from 30-output_wall-2
2026-09-25 17:32:36,039 INFO  ExportHelperExtension.cs: 1136 - Found 42 in 30-output_wall-2
2026-09-25 17:32:36,055 INFO  ExportHelperExtension.cs: 1145 - Found 0 features of type [RefAxis] in 30-output_wall-2
2026-09-25 17:32:36,055 INFO  ExportHelperExtension.cs: 1125 - Retrieving features of type [RefAxis] from bearings-1
2026-09-25 17:32:36,055 INFO  ExportHelperExtension.cs: 1136 - Found 33 in bearings-1
2026-09-25 17:32:36,055 INFO  ExportHelperExtension.cs: 1145 - Found 0 features of type [RefAxis] in bearings-1
2026-09-25 17:32:36,055 INFO  ExportHelperExtension.cs: 1125 - Retrieving features of type [RefAxis] from 30-output_wall-1
2026-09-25 17:32:36,055 INFO  ExportHelperExtension.cs: 1136 - Found 42 in 30-output_wall-1
2026-09-25 17:32:36,055 INFO  ExportHelperExtension.cs: 1145 - Found 0 features of type [RefAxis] in 30-output_wall-1
2026-09-25 17:32:36,055 INFO  ExportHelperExtension.cs: 1125 - Retrieving features of type [RefAxis] from bearings-2
2026-09-25 17:32:36,055 INFO  ExportHelperExtension.cs: 1136 - Found 33 in bearings-2
2026-09-25 17:32:36,055 INFO  ExportHelperExtension.cs: 1145 - Found 0 features of type [RefAxis] in bearings-2
2026-09-25 17:32:36,055 INFO  ExportHelperExtension.cs: 1125 - Retrieving features of type [RefAxis] from shoulder_bolt-13
2026-09-25 17:32:36,055 INFO  ExportHelperExtension.cs: 1136 - Found 31 in shoulder_bolt-13
2026-09-25 17:32:36,055 INFO  ExportHelperExtension.cs: 1145 - Found 0 features of type [RefAxis] in shoulder_bolt-13
2026-09-25 17:32:36,055 INFO  ExportHelperExtension.cs: 1125 - Retrieving features of type [RefAxis] from 15-J1-output-1
2026-09-25 17:32:36,055 INFO  ExportHelperExtension.cs: 1136 - Found 40 in 15-J1-output-1
2026-09-25 17:32:36,055 INFO  ExportHelperExtension.cs: 1145 - Found 0 features of type [RefAxis] in 15-J1-output-1
2026-09-25 17:32:36,055 INFO  ExportHelperExtension.cs: 1125 - Retrieving features of type [RefAxis] from 30-motor+housing+coupler_ASY-1
2026-09-25 17:32:36,055 INFO  ExportHelperExtension.cs: 1136 - Found 35 in 30-motor+housing+coupler_ASY-1
2026-09-25 17:32:36,055 INFO  ExportHelperExtension.cs: 1145 - Found 0 features of type [RefAxis] in 30-motor+housing+coupler_ASY-1
2026-09-25 17:32:36,055 INFO  ExportHelperExtension.cs: 1125 - Retrieving features of type [RefAxis] from tube_connector-1
2026-09-25 17:32:36,087 INFO  ExportHelperExtension.cs: 1136 - Found 38 in tube_connector-1
2026-09-25 17:32:36,087 INFO  ExportHelperExtension.cs: 1145 - Found 0 features of type [RefAxis] in tube_connector-1
2026-09-25 17:32:36,087 INFO  ExportHelperExtension.cs: 1125 - Retrieving features of type [RefAxis] from j4_connector-1
2026-09-25 17:32:36,087 INFO  ExportHelperExtension.cs: 1136 - Found 46 in j4_connector-1
2026-09-25 17:32:36,087 INFO  ExportHelperExtension.cs: 1145 - Found 0 features of type [RefAxis] in j4_connector-1
2026-09-25 17:32:36,087 INFO  ExportHelperExtension.cs: 1125 - Retrieving features of type [RefAxis] from 30-output_flange-1
2026-09-25 17:32:36,087 INFO  ExportHelperExtension.cs: 1136 - Found 30 in 30-output_flange-1
2026-09-25 17:32:36,087 INFO  ExportHelperExtension.cs: 1145 - Found 0 features of type [RefAxis] in 30-output_flange-1
2026-09-25 17:32:36,087 INFO  ExportHelperExtension.cs: 1125 - Retrieving features of type [RefAxis] from 30-output_flange-2
2026-09-25 17:32:36,087 INFO  ExportHelperExtension.cs: 1136 - Found 30 in 30-output_flange-2
2026-09-25 17:32:36,087 INFO  ExportHelperExtension.cs: 1145 - Found 0 features of type [RefAxis] in 30-output_flange-2
2026-09-25 17:32:36,087 INFO  ExportHelperExtension.cs: 1125 - Retrieving features of type [RefAxis] from 15-output_wall-1
2026-09-25 17:32:36,087 INFO  ExportHelperExtension.cs: 1136 - Found 38 in 15-output_wall-1
2026-09-25 17:32:36,087 INFO  ExportHelperExtension.cs: 1145 - Found 0 features of type [RefAxis] in 15-output_wall-1
2026-09-25 17:32:36,087 INFO  ExportHelperExtension.cs: 1125 - Retrieving features of type [RefAxis] from 15-output_wall-2
2026-09-25 17:32:36,087 INFO  ExportHelperExtension.cs: 1136 - Found 38 in 15-output_wall-2
2026-09-25 17:32:36,087 INFO  ExportHelperExtension.cs: 1145 - Found 0 features of type [RefAxis] in 15-output_wall-2
2026-09-25 17:32:36,087 INFO  ExportHelperExtension.cs: 1125 - Retrieving features of type [RefAxis] from 15-middle_wall-1
2026-09-25 17:32:36,087 INFO  ExportHelperExtension.cs: 1136 - Found 48 in 15-middle_wall-1
2026-09-25 17:32:36,087 INFO  ExportHelperExtension.cs: 1145 - Found 2 features of type [RefAxis] in 15-middle_wall-1
2026-09-25 17:32:36,087 INFO  ExportHelperExtension.cs: 1125 - Retrieving features of type [RefAxis] from shoulder_bolt-1
2026-09-25 17:32:36,087 INFO  ExportHelperExtension.cs: 1136 - Found 31 in shoulder_bolt-1
2026-09-25 17:32:36,087 INFO  ExportHelperExtension.cs: 1145 - Found 0 features of type [RefAxis] in shoulder_bolt-1
2026-09-25 17:32:36,087 INFO  ExportHelperExtension.cs: 1125 - Retrieving features of type [RefAxis] from carbon_fiber_tube-1
2026-09-25 17:32:36,087 INFO  ExportHelperExtension.cs: 1136 - Found 25 in carbon_fiber_tube-1
2026-09-25 17:32:36,087 INFO  ExportHelperExtension.cs: 1145 - Found 0 features of type [RefAxis] in carbon_fiber_tube-1
2026-09-25 17:32:36,087 INFO  ExportHelperExtension.cs: 1125 - Retrieving features of type [RefAxis] from 30-attachment_ASY-1
2026-09-25 17:32:36,087 INFO  ExportHelperExtension.cs: 1136 - Found 48 in 30-attachment_ASY-1
2026-09-25 17:32:36,104 INFO  ExportHelperExtension.cs: 1145 - Found 0 features of type [RefAxis] in 30-attachment_ASY-1
2026-09-25 17:32:36,104 INFO  ExportHelperExtension.cs: 1125 - Retrieving features of type [RefAxis] from 15-motor+housing+coupler_ASY-1
2026-09-25 17:32:36,105 INFO  ExportHelperExtension.cs: 1136 - Found 35 in 15-motor+housing+coupler_ASY-1
2026-09-25 17:32:36,106 INFO  ExportHelperExtension.cs: 1145 - Found 0 features of type [RefAxis] in 15-motor+housing+coupler_ASY-1
2026-09-25 17:32:36,106 INFO  ExportHelperExtension.cs: 1125 - Retrieving features of type [RefAxis] from 15-disk+output+rollers+flanges_ASY-1
2026-09-25 17:32:36,106 INFO  ExportHelperExtension.cs: 1136 - Found 38 in 15-disk+output+rollers+flanges_ASY-1
2026-09-25 17:32:36,108 INFO  ExportHelperExtension.cs: 1145 - Found 0 features of type [RefAxis] in 15-disk+output+rollers+flanges_ASY-1
2026-09-25 17:32:36,108 INFO  ExportHelperExtension.cs: 1125 - Retrieving features of type [RefAxis] from moteus_c1-2
2026-09-25 17:32:36,108 INFO  ExportHelperExtension.cs: 1136 - Found 36 in moteus_c1-2
2026-09-25 17:32:36,110 INFO  ExportHelperExtension.cs: 1145 - Found 0 features of type [RefAxis] in moteus_c1-2
2026-09-25 17:32:36,110 INFO  ExportHelperExtension.cs: 1125 - Retrieving features of type [RefAxis] from GIM3505-8-3D-Model-1
2026-09-25 17:32:36,112 INFO  ExportHelperExtension.cs: 1136 - Found 36 in GIM3505-8-3D-Model-1
2026-09-25 17:32:36,112 INFO  ExportHelperExtension.cs: 1145 - Found 0 features of type [RefAxis] in GIM3505-8-3D-Model-1
2026-09-25 17:32:36,113 INFO  ExportHelperExtension.cs: 1125 - Retrieving features of type [RefAxis] from j5_connector_1-1
2026-09-25 17:32:36,113 INFO  ExportHelperExtension.cs: 1136 - Found 35 in j5_connector_1-1
2026-09-25 17:32:36,113 INFO  ExportHelperExtension.cs: 1145 - Found 0 features of type [RefAxis] in j5_connector_1-1
2026-09-25 17:32:36,114 INFO  ExportHelperExtension.cs: 1125 - Retrieving features of type [RefAxis] from carbon_fiber_tube_j4j5-1
2026-09-25 17:32:36,115 INFO  ExportHelperExtension.cs: 1136 - Found 25 in carbon_fiber_tube_j4j5-1
2026-09-25 17:32:36,115 INFO  ExportHelperExtension.cs: 1145 - Found 0 features of type [RefAxis] in carbon_fiber_tube_j4j5-1
2026-09-25 17:32:36,115 INFO  ExportHelperExtension.cs: 1125 - Retrieving features of type [RefAxis] from camera+gripper+connector-1
2026-09-25 17:32:36,116 INFO  ExportHelperExtension.cs: 1136 - Found 28 in camera+gripper+connector-1
2026-09-25 17:32:36,117 INFO  ExportHelperExtension.cs: 1145 - Found 0 features of type [RefAxis] in camera+gripper+connector-1
2026-09-25 17:32:36,117 INFO  ExportHelperExtension.cs: 1125 - Retrieving features of type [RefAxis] from moteus_c1-1
2026-09-25 17:32:36,118 INFO  ExportHelperExtension.cs: 1136 - Found 36 in moteus_c1-1
2026-09-25 17:32:36,118 INFO  ExportHelperExtension.cs: 1145 - Found 0 features of type [RefAxis] in moteus_c1-1
2026-09-25 17:32:36,118 INFO  ExportHelperExtension.cs: 1125 - Retrieving features of type [RefAxis] from j5_connector_2-1
2026-09-25 17:32:36,118 INFO  ExportHelperExtension.cs: 1136 - Found 50 in j5_connector_2-1
2026-09-25 17:32:36,121 INFO  ExportHelperExtension.cs: 1145 - Found 0 features of type [RefAxis] in j5_connector_2-1
2026-09-25 17:32:36,121 INFO  ExportHelperExtension.cs: 1125 - Retrieving features of type [RefAxis] from GIM3505-8-3D-Model-2
2026-09-25 17:32:36,121 INFO  ExportHelperExtension.cs: 1136 - Found 36 in GIM3505-8-3D-Model-2
2026-09-25 17:32:36,123 INFO  ExportHelperExtension.cs: 1145 - Found 0 features of type [RefAxis] in GIM3505-8-3D-Model-2
2026-09-25 17:47:55,959 INFO  AssemblyExportForm.cs: 253 - Completing URDF export
2026-09-25 17:47:55,989 INFO  ConfigurationSerialization.cs: 276 - URDF Configuration found
<Link z:Id="i1" xmlns="http://schemas.datacontract.org/2004/07/SW2URDF" xmlns:i="http://www.w3.org/2001/XMLSchema-instance" xmlns:z="http://schemas.microsoft.com/2003/10/Serialization/"><Attributes><Attribute z:Id="i2"><AttributeType>name</AttributeType><IsRequired>true</IsRequired><Value i:type="a:string" xmlns:a="http://www.w3.org/2001/XMLSchema">base_link</Value></Attribute></Attributes><ChildElements><URDFElement z:Id="i3" i:type="Inertial"><Attributes/><ChildElements><URDFElement z:Id="i4" i:type="Origin"><Attributes><Attribute z:Id="i5"><AttributeType>xyz</AttributeType><IsRequired>true</IsRequired><Value i:type="a:ArrayOfdouble" xmlns:a="http://schemas.microsoft.com/2003/10/Serialization/Arrays"><a:double>0</a:double><a:double>0</a:double><a:double>0</a:double></Value></Attribute><Attribute z:Id="i6"><AttributeType>rpy</AttributeType><IsRequired>true</IsRequired><Value i:type="a:ArrayOfdouble" xmlns:a="http://schemas.microsoft.com/2003/10/Serialization/Arrays"><a:double>0</a:double><a:double>0</a:double><a:double>0</a:double></Value></Attribute></Attributes><ChildElements/><ElementName>origin</ElementName><required>false</required><RPYAttribute z:Ref="i6"/><XYZAttribute z:Ref="i5"/><isCustomized>false</isCustomized></URDFElement><URDFElement z:Id="i7" i:type="Mass"><Attributes><Attribute z:Id="i8"><AttributeType>value</AttributeType><IsRequired>true</IsRequired><Value i:type="a:double" xmlns:a="http://www.w3.org/2001/XMLSchema">0</Value></Attribute></Attributes><ChildElements/><ElementName>mass</ElementName><required>false</required><ValueAttribute z:Ref="i8"/></URDFElement><URDFElement z:Id="i9" i:type="Inertia"><Attributes><Attribute z:Id="i10"><AttributeType>ixx</AttributeType><IsRequired>true</IsRequired><Value i:type="a:double" xmlns:a="http://www.w3.org/2001/XMLSchema">0</Value></Attribute><Attribute z:Id="i11"><AttributeType>ixy</AttributeType><IsRequired>true</IsRequired><Value i:type="a:double" xmlns:a="http://www.w3.org/2001/XMLSchema">0</Value></Attribute><Attribute z:Id="i12"><AttributeType>ixz</AttributeType><IsRequired>true</IsRequired><Value i:type="a:double" xmlns:a="http://www.w3.org/2001/XMLSchema">0</Value></Attribute><Attribute z:Id="i13"><AttributeType>iyy</AttributeType><IsRequired>true</IsRequired><Value i:type="a:double" xmlns:a="http://www.w3.org/2001/XMLSchema">0</Value></Attribute><Attribute z:Id="i14"><AttributeType>iyz</AttributeType><IsRequired>true</IsRequired><Value i:type="a:double" xmlns:a="http://www.w3.org/2001/XMLSchema">0</Value></Attribute><Attribute z:Id="i15"><AttributeType>izz</AttributeType><IsRequired>true</IsRequired><Value i:type="a:double" xmlns:a="http://www.w3.org/2001/XMLSchema">0</Value></Attribute></Attributes><ChildElements/><ElementName>inertia</ElementName><required>false</required><IxxAttribute z:Ref="i10"/><IxyAttribute z:Ref="i11"/><IxzAttribute z:Ref="i12"/><IyyAttribute z:Ref="i13"/><IyzAttribute z:Ref="i14"/><IzzAttribute z:Ref="i15"/></URDFElement></ChildElements><ElementName>inertial</ElementName><required>false</required><Inertia z:Ref="i9"/><Mass z:Ref="i7"/><Origin z:Ref="i4"/></URDFElement><URDFElement z:Id="i16" i:type="Visual"><Attributes/><ChildElements><URDFElement z:Id="i17" i:type="Origin"><Attributes><Attribute z:Id="i18"><AttributeType>xyz</AttributeType><IsRequired>true</IsRequired><Value i:type="a:ArrayOfdouble" xmlns:a="http://schemas.microsoft.com/2003/10/Serialization/Arrays"><a:double>0</a:double><a:double>0</a:double><a:double>0</a:double></Value></Attribute><Attribute z:Id="i19"><AttributeType>rpy</AttributeType><IsRequired>true</IsRequired><Value i:type="a:ArrayOfdouble" xmlns:a="http://schemas.microsoft.com/2003/10/Serialization/Arrays"><a:double>0</a:double><a:double>0</a:double><a:double>0</a:double></Value></Attribute></Attributes><ChildElements/><ElementName>origin</ElementName><required>false</required><RPYAttribute z:Ref="i19"/><XYZAttribute z:Ref="i18"/><isCustomized>false</isCustomized></URDFElement><URDFElement z:Id="i20" i:type="Geometry"><Attributes/><ChildElements><URDFElement z:Id="i21" i:type="Mesh"><Attributes><Attribute z:Id="i22"><AttributeType>filename</AttributeType><IsRequired>true</IsRequired><Value i:nil="true"/></Attribute></Attributes><ChildElements/><ElementName>mesh</ElementName><required>false</required><FilenameAttribute z:Ref="i22"/></URDFElement></ChildElements><ElementName>geometry</ElementName><required>true</required><Mesh z:Ref="i21"/></URDFElement><URDFElement z:Id="i23" i:type="Material"><Attributes><Attribute z:Id="i24"><AttributeType>name</AttributeType><IsRequired>true</IsRequired><Value i:type="a:string" xmlns:a="http://www.w3.org/2001/XMLSchema"/></Attribute></Attributes><ChildElements><URDFElement z:Id="i25" i:type="Color"><Attributes><Attribute z:Id="i26"><AttributeType>rgba</AttributeType><IsRequired>true</IsRequired><Value i:type="a:ArrayOfdouble" xmlns:a="http://schemas.microsoft.com/2003/10/Serialization/Arrays"><a:double>1</a:double><a:double>1</a:double><a:double>1</a:double><a:double>1</a:double></Value></Attribute></Attributes><ChildElements/><ElementName>color</ElementName><required>false</required><RGBAAttribute z:Ref="i26"/></URDFElement><URDFElement z:Id="i27" i:type="Texture"><Attributes><Attribute z:Id="i28"><AttributeType>filename</AttributeType><IsRequired>true</IsRequired><Value i:nil="true"/></Attribute></Attributes><ChildElements/><ElementName>texture</ElementName><required>false</required><FilenameAttribute z:Ref="i28"/><wFilename/></URDFElement></ChildElements><ElementName>material</ElementName><required>false</required><Color z:Ref="i25"/><NameAttribute z:Ref="i24"/><Texture z:Ref="i27"/></URDFElement></ChildElements><ElementName>visual</ElementName><required>false</required><Geometry z:Ref="i20"/><Material z:Ref="i23"/><Origin z:Ref="i17"/></URDFElement><URDFElement z:Id="i29" i:type="Collision"><Attributes/><ChildElements><URDFElement z:Id="i30" i:type="Origin"><Attributes><Attribute z:Id="i31"><AttributeType>xyz</AttributeType><IsRequired>true</IsRequired><Value i:type="a:ArrayOfdouble" xmlns:a="http://schemas.microsoft.com/2003/10/Serialization/Arrays"><a:double>0</a:double><a:double>0</a:double><a:double>0</a:double></Value></Attribute><Attribute z:Id="i32"><AttributeType>rpy</AttributeType><IsRequired>true</IsRequired><Value i:type="a:ArrayOfdouble" xmlns:a="http://schemas.microsoft.com/2003/10/Serialization/Arrays"><a:double>0</a:double><a:double>0</a:double><a:double>0</a:double></Value></Attribute></Attributes><ChildElements/><ElementName>origin</ElementName><required>false</required><RPYAttribute z:Ref="i32"/><XYZAttribute z:Ref="i31"/><isCustomized>false</isCustomized></URDFElement><URDFElement z:Id="i33" i:type="Geometry"><Attributes/><ChildElements><URDFElement z:Id="i34" i:type="Mesh"><Attributes><Attribute z:Id="i35"><AttributeType>filename</AttributeType><IsRequired>true</IsRequired><Value i:nil="true"/></Attribute></Attributes><ChildElements/><ElementName>mesh</ElementName><required>false</required><FilenameAttribute z:Ref="i35"/></URDFElement></ChildElements><ElementName>geometry</ElementName><required>true</required><Mesh z:Ref="i34"/></URDFElement></ChildElements><ElementName>collision</ElementName><required>false</required><Geometry z:Ref="i33"/><Origin z:Ref="i30"/></URDFElement><URDFElement z:Id="i36" i:type="Joint"><Attributes><Attribute z:Id="i37"><AttributeType>name</AttributeType><IsRequired>true</IsRequired><Value i:type="a:string" xmlns:a="http://www.w3.org/2001/XMLSchema"/></Attribute><Attribute z:Id="i38"><AttributeType>type</AttributeType><IsRequired>true</IsRequired><Value i:type="a:string" xmlns:a="http://www.w3.org/2001/XMLSchema"/></Attribute></Attributes><ChildElements><URDFElement z:Id="i39" i:type="Origin"><Attributes><Attribute z:Id="i40"><AttributeType>xyz</AttributeType><IsRequired>true</IsRequired><Value i:type="a:ArrayOfdouble" xmlns:a="http://schemas.microsoft.com/2003/10/Serialization/Arrays"><a:double>0</a:double><a:double>0</a:double><a:double>0</a:double></Value></Attribute><Attribute z:Id="i41"><AttributeType>rpy</AttributeType><IsRequired>true</IsRequired><Value i:type="a:ArrayOfdouble" xmlns:a="http://schemas.microsoft.com/2003/10/Serialization/Arrays"><a:double>0</a:double><a:double>0</a:double><a:double>0</a:double></Value></Attribute></Attributes><ChildElements/><ElementName>origin</ElementName><required>false</required><RPYAttribute z:Ref="i41"/><XYZAttribute z:Ref="i40"/><isCustomized>false</isCustomized></URDFElement><URDFElement z:Id="i42" i:type="ParentLink"><Attributes><Attribute z:Id="i43"><AttributeType>link</AttributeType><IsRequired>true</IsRequired><Value i:type="a:string" xmlns:a="http://www.w3.org/2001/XMLSchema"/></Attribute></Attributes><ChildElements/><ElementName>parent</ElementName><required>true</required><NameAttribute z:Ref="i43"/></URDFElement><URDFElement z:Id="i44" i:type="ChildLink"><Attributes><Attribute z:Id="i45"><AttributeType>link</AttributeType><IsRequired>true</IsRequired><Value i:type="a:string" xmlns:a="http://www.w3.org/2001/XMLSchema"/></Attribute></Attributes><ChildElements/><ElementName>child</ElementName><required>true</required><NameAttribute z:Ref="i45"/></URDFElement><URDFElement z:Id="i46" i:type="Axis"><Attributes><Attribute z:Id="i47"><AttributeType>xyz</AttributeType><IsRequired>true</IsRequired><Value i:type="a:ArrayOfdouble" xmlns:a="http://schemas.microsoft.com/2003/10/Serialization/Arrays"><a:double>0</a:double><a:double>0</a:double><a:double>0</a:double></Value></Attribute></Attributes><ChildElements/><ElementName>axis</ElementName><required>false</required><XYZAttribute z:Ref="i47"/></URDFElement><URDFElement z:Id="i48" i:type="Limit"><Attributes><Attribute z:Id="i49"><AttributeType>lower</AttributeType><IsRequired>false</IsRequired><Value i:nil="true"/></Attribute><Attribute z:Id="i50"><AttributeType>upper</AttributeType><IsRequired>false</IsRequired><Value i:nil="true"/></Attribute><Attribute z:Id="i51"><AttributeType>effort</AttributeType><IsRequired>true</IsRequired><Value i:nil="true"/></Attribute><Attribute z:Id="i52"><AttributeType>velocity</AttributeType><IsRequired>true</IsRequired><Value i:nil="true"/></Attribute></Attributes><ChildElements/><ElementName>limit</ElementName><required>false</required><EffortAttribute z:Ref="i51"/><LowerAttribute z:Ref="i49"/><UpperAttribute z:Ref="i50"/><VelocityAttribute z:Ref="i52"/></URDFElement><URDFElement z:Id="i53" i:type="Calibration"><Attributes><Attribute z:Id="i54"><AttributeType>rising</AttributeType><IsRequired>false</IsRequired><Value i:nil="true"/></Attribute><Attribute z:Id="i55"><AttributeType>falling</AttributeType><IsRequired>false</IsRequired><Value i:nil="true"/></Attribute></Attributes><ChildElements/><ElementName>calibration</ElementName><required>false</required><FallingAttribute z:Ref="i55"/><RisingAttribute z:Ref="i54"/></URDFElement><URDFElement z:Id="i56" i:type="Dynamics"><Attributes><Attribute z:Id="i57"><AttributeType>damping</AttributeType><IsRequired>false</IsRequired><Value i:nil="true"/></Attribute><Attribute z:Id="i58"><AttributeType>friction</AttributeType><IsRequired>false</IsRequired><Value i:nil="true"/></Attribute></Attributes><ChildElements/><ElementName>dynamics</ElementName><required>false</required><DampingAttribute z:Ref="i57"/><FrictionAttribute z:Ref="i58"/></URDFElement><URDFElement z:Id="i59" i:type="SafetyController"><Attributes><Attribute z:Id="i60"><AttributeType>soft_upper_limit</AttributeType><IsRequired>false</IsRequired><Value i:nil="true"/></Attribute><Attribute z:Id="i61"><AttributeType>soft_lower_limit</AttributeType><IsRequired>false</IsRequired><Value i:nil="true"/></Attribute><Attribute z:Id="i62"><AttributeType>k_position</AttributeType><IsRequired>false</IsRequired><Value i:nil="true"/></Attribute><Attribute z:Id="i63"><AttributeType>k_velocity</AttributeType><IsRequired>true</IsRequired><Value i:nil="true"/></Attribute></Attributes><ChildElements/><ElementName>safety_controller</ElementName><required>false</required><KPositionAttribute z:Ref="i62"/><KVelocityAttribute z:Ref="i63"/><SoftLowerAttribute z:Ref="i61"/><SoftUpperAttribute z:Ref="i60"/></URDFElement><URDFElement z:Id="i64" i:type="Mimic"><Attributes><Attribute z:Id="i65"><AttributeType>joint</AttributeType><IsRequired>true</IsRequired><Value i:nil="true"/></Attribute><Attribute z:Id="i66"><AttributeType>multiplier</AttributeType><IsRequired>false</IsRequired><Value i:nil="true"/></Attribute><Attribute z:Id="i67"><AttributeType>offset</AttributeType><IsRequired>false</IsRequired><Value i:nil="true"/></Attribute></Attributes><ChildElements/><ElementName>mimic</ElementName><required>false</required><JointNameAttribute z:Ref="i65"/><MultiplierAttribute z:Ref="i66"/><OffsetAttribute z:Ref="i67"/></URDFElement></ChildElements><ElementName>joint</ElementName><required>false</required><Axis z:Ref="i46"/><AxisName/><Calibration z:Ref="i53"/><Child z:Ref="i44"/><CoordinateSystemName>Automatically Generate</CoordinateSystemName><Dynamics z:Ref="i56"/><Limit z:Ref="i48"/><Mimic z:Ref="i64"/><NameAttribute z:Ref="i37"/><Origin z:Ref="i39"/><Parent z:Ref="i42"/><Safety z:Ref="i59"/><TypeAttribute z:Ref="i38"/></URDFElement></ChildElements><ElementName>link</ElementName><required>true</required><Children><Link z:Id="i68"><Attributes><Attribute z:Id="i69"><AttributeType>name</AttributeType><IsRequired>true</IsRequired><Value i:type="a:string" xmlns:a="http://www.w3.org/2001/XMLSchema">shoulder_link</Value></Attribute></Attributes><ChildElements><URDFElement z:Id="i70" i:type="Inertial"><Attributes/><ChildElements><URDFElement z:Id="i71" i:type="Origin"><Attributes><Attribute z:Id="i72"><AttributeType>xyz</AttributeType><IsRequired>true</IsRequired><Value i:type="a:ArrayOfdouble" xmlns:a="http://schemas.microsoft.com/2003/10/Serialization/Arrays"><a:double>0</a:double><a:double>0</a:double><a:double>0</a:double></Value></Attribute><Attribute z:Id="i73"><AttributeType>rpy</AttributeType><IsRequired>true</IsRequired><Value i:type="a:ArrayOfdouble" xmlns:a="http://schemas.microsoft.com/2003/10/Serialization/Arrays"><a:double>0</a:double><a:double>0</a:double><a:double>0</a:double></Value></Attribute></Attributes><ChildElements/><ElementName>origin</ElementName><required>false</required><RPYAttribute z:Ref="i73"/><XYZAttribute z:Ref="i72"/><isCustomized>false</isCustomized></URDFElement><URDFElement z:Id="i74" i:type="Mass"><Attributes><Attribute z:Id="i75"><AttributeType>value</AttributeType><IsRequired>true</IsRequired><Value i:type="a:double" xmlns:a="http://www.w3.org/2001/XMLSchema">0</Value></Attribute></Attributes><ChildElements/><ElementName>mass</ElementName><required>false</required><ValueAttribute z:Ref="i75"/></URDFElement><URDFElement z:Id="i76" i:type="Inertia"><Attributes><Attribute z:Id="i77"><AttributeType>ixx</AttributeType><IsRequired>true</IsRequired><Value i:type="a:double" xmlns:a="http://www.w3.org/2001/XMLSchema">0</Value></Attribute><Attribute z:Id="i78"><AttributeType>ixy</AttributeType><IsRequired>true</IsRequired><Value i:type="a:double" xmlns:a="http://www.w3.org/2001/XMLSchema">0</Value></Attribute><Attribute z:Id="i79"><AttributeType>ixz</AttributeType><IsRequired>true</IsRequired><Value i:type="a:double" xmlns:a="http://www.w3.org/2001/XMLSchema">0</Value></Attribute><Attribute z:Id="i80"><AttributeType>iyy</AttributeType><IsRequired>true</IsRequired><Value i:type="a:double" xmlns:a="http://www.w3.org/2001/XMLSchema">0</Value></Attribute><Attribute z:Id="i81"><AttributeType>iyz</AttributeType><IsRequired>true</IsRequired><Value i:type="a:double" xmlns:a="http://www.w3.org/2001/XMLSchema">0</Value></Attribute><Attribute z:Id="i82"><AttributeType>izz</AttributeType><IsRequired>true</IsRequired><Value i:type="a:double" xmlns:a="http://www.w3.org/2001/XMLSchema">0</Value></Attribute></Attributes><ChildElements/><ElementName>inertia</ElementName><required>false</required><IxxAttribute z:Ref="i77"/><IxyAttribute z:Ref="i78"/><IxzAttribute z:Ref="i79"/><IyyAttribute z:Ref="i80"/><IyzAttribute z:Ref="i81"/><IzzAttribute z:Ref="i82"/></URDFElement></ChildElements><ElementName>inertial</ElementName><required>false</required><Inertia z:Ref="i76"/><Mass z:Ref="i74"/><Origin z:Ref="i71"/></URDFElement><URDFElement z:Id="i83" i:type="Visual"><Attributes/><ChildElements><URDFElement z:Id="i84" i:type="Origin"><Attributes><Attribute z:Id="i85"><AttributeType>xyz</AttributeType><IsRequired>true</IsRequired><Value i:type="a:ArrayOfdouble" xmlns:a="http://schemas.microsoft.com/2003/10/Serialization/Arrays"><a:double>0</a:double><a:double>0</a:double><a:double>0</a:double></Value></Attribute><Attribute z:Id="i86"><AttributeType>rpy</AttributeType><IsRequired>true</IsRequired><Value i:type="a:ArrayOfdouble" xmlns:a="http://schemas.microsoft.com/2003/10/Serialization/Arrays"><a:double>0</a:double><a:double>0</a:double><a:double>0</a:double></Value></Attribute></Attributes><ChildElements/><ElementName>origin</ElementName><required>false</required><RPYAttribute z:Ref="i86"/><XYZAttribute z:Ref="i85"/><isCustomized>false</isCustomized></URDFElement><URDFElement z:Id="i87" i:type="Geometry"><Attributes/><ChildElements><URDFElement z:Id="i88" i:type="Mesh"><Attributes><Attribute z:Id="i89"><AttributeType>filename</AttributeType><IsRequired>true</IsRequired><Value i:nil="true"/></Attribute></Attributes><ChildElements/><ElementName>mesh</ElementName><required>false</required><FilenameAttribute z:Ref="i89"/></URDFElement></ChildElements><ElementName>geometry</ElementName><required>true</required><Mesh z:Ref="i88"/></URDFElement><URDFElement z:Id="i90" i:type="Material"><Attributes><Attribute z:Id="i91"><AttributeType>name</AttributeType><IsRequired>true</IsRequired><Value i:type="a:string" xmlns:a="http://www.w3.org/2001/XMLSchema"/></Attribute></Attributes><ChildElements><URDFElement z:Id="i92" i:type="Color"><Attributes><Attribute z:Id="i93"><AttributeType>rgba</AttributeType><IsRequired>true</IsRequired><Value i:type="a:ArrayOfdouble" xmlns:a="http://schemas.microsoft.com/2003/10/Serialization/Arrays"><a:double>1</a:double><a:double>1</a:double><a:double>1</a:double><a:double>1</a:double></Value></Attribute></Attributes><ChildElements/><ElementName>color</ElementName><required>false</required><RGBAAttribute z:Ref="i93"/></URDFElement><URDFElement z:Id="i94" i:type="Texture"><Attributes><Attribute z:Id="i95"><AttributeType>filename</AttributeType><IsRequired>true</IsRequired><Value i:nil="true"/></Attribute></Attributes><ChildElements/><ElementName>texture</ElementName><required>false</required><FilenameAttribute z:Ref="i95"/><wFilename/></URDFElement></ChildElements><ElementName>material</ElementName><required>false</required><Color z:Ref="i92"/><NameAttribute z:Ref="i91"/><Texture z:Ref="i94"/></URDFElement></ChildElements><ElementName>visual</ElementName><required>false</required><Geometry z:Ref="i87"/><Material z:Ref="i90"/><Origin z:Ref="i84"/></URDFElement><URDFElement z:Id="i96" i:type="Collision"><Attributes/><ChildElements><URDFElement z:Id="i97" i:type="Origin"><Attributes><Attribute z:Id="i98"><AttributeType>xyz</AttributeType><IsRequired>true</IsRequired><Value i:type="a:ArrayOfdouble" xmlns:a="http://schemas.microsoft.com/2003/10/Serialization/Arrays"><a:double>0</a:double><a:double>0</a:double><a:double>0</a:double></Value></Attribute><Attribute z:Id="i99"><AttributeType>rpy</AttributeType><IsRequired>true</IsRequired><Value i:type="a:ArrayOfdouble" xmlns:a="http://schemas.microsoft.com/2003/10/Serialization/Arrays"><a:double>0</a:double><a:double>0</a:double><a:double>0</a:double></Value></Attribute></Attributes><ChildElements/><ElementName>origin</ElementName><required>false</required><RPYAttribute z:Ref="i99"/><XYZAttribute z:Ref="i98"/><isCustomized>false</isCustomized></URDFElement><URDFElement z:Id="i100" i:type="Geometry"><Attributes/><ChildElements><URDFElement z:Id="i101" i:type="Mesh"><Attributes><Attribute z:Id="i102"><AttributeType>filename</AttributeType><IsRequired>true</IsRequired><Value i:nil="true"/></Attribute></Attributes><ChildElements/><ElementName>mesh</ElementName><required>false</required><FilenameAttribute z:Ref="i102"/></URDFElement></ChildElements><ElementName>geometry</ElementName><required>true</required><Mesh z:Ref="i101"/></URDFElement></ChildElements><ElementName>collision</ElementName><required>false</required><Geometry z:Ref="i100"/><Origin z:Ref="i97"/></URDFElement><URDFElement z:Id="i103" i:type="Joint"><Attributes><Attribute z:Id="i104"><AttributeType>name</AttributeType><IsRequired>true</IsRequired><Value i:type="a:string" xmlns:a="http://www.w3.org/2001/XMLSchema">shoulder_pan</Value></Attribute><Attribute z:Id="i105"><AttributeType>type</AttributeType><IsRequired>true</IsRequired><Value i:type="a:string" xmlns:a="http://www.w3.org/2001/XMLSchema">revolute</Value></Attribute></Attributes><ChildElements><URDFElement z:Id="i106" i:type="Origin"><Attributes><Attribute z:Id="i107"><AttributeType>xyz</AttributeType><IsRequired>true</IsRequired><Value i:type="a:ArrayOfdouble" xmlns:a="http://schemas.microsoft.com/2003/10/Serialization/Arrays"><a:double>0</a:double><a:double>0</a:double><a:double>0</a:double></Value></Attribute><Attribute z:Id="i108"><AttributeType>rpy</AttributeType><IsRequired>true</IsRequired><Value i:type="a:ArrayOfdouble" xmlns:a="http://schemas.microsoft.com/2003/10/Serialization/Arrays"><a:double>0</a:double><a:double>0</a:double><a:double>0</a:double></Value></Attribute></Attributes><ChildElements/><ElementName>origin</ElementName><required>false</required><RPYAttribute z:Ref="i108"/><XYZAttribute z:Ref="i107"/><isCustomized>false</isCustomized></URDFElement><URDFElement z:Id="i109" i:type="ParentLink"><Attributes><Attribute z:Id="i110"><AttributeType>link</AttributeType><IsRequired>true</IsRequired><Value i:type="a:string" xmlns:a="http://www.w3.org/2001/XMLSchema"/></Attribute></Attributes><ChildElements/><ElementName>parent</ElementName><required>true</required><NameAttribute z:Ref="i110"/></URDFElement><URDFElement z:Id="i111" i:type="ChildLink"><Attributes><Attribute z:Id="i112"><AttributeType>link</AttributeType><IsRequired>true</IsRequired><Value i:type="a:string" xmlns:a="http://www.w3.org/2001/XMLSchema"/></Attribute></Attributes><ChildElements/><ElementName>child</ElementName><required>true</required><NameAttribute z:Ref="i112"/></URDFElement><URDFElement z:Id="i113" i:type="Axis"><Attributes><Attribute z:Id="i114"><AttributeType>xyz</AttributeType><IsRequired>true</IsRequired><Value i:type="a:ArrayOfdouble" xmlns:a="http://schemas.microsoft.com/2003/10/Serialization/Arrays"><a:double>0</a:double><a:double>0</a:double><a:double>0</a:double></Value></Attribute></Attributes><ChildElements/><ElementName>axis</ElementName><required>false</required><XYZAttribute z:Ref="i114"/></URDFElement><URDFElement z:Id="i115" i:type="Limit"><Attributes><Attribute z:Id="i116"><AttributeType>lower</AttributeType><IsRequired>false</IsRequired><Value i:nil="true"/></Attribute><Attribute z:Id="i117"><AttributeType>upper</AttributeType><IsRequired>false</IsRequired><Value i:nil="true"/></Attribute><Attribute z:Id="i118"><AttributeType>effort</AttributeType><IsRequired>true</IsRequired><Value i:nil="true"/></Attribute><Attribute z:Id="i119"><AttributeType>velocity</AttributeType><IsRequired>true</IsRequired><Value i:nil="true"/></Attribute></Attributes><ChildElements/><ElementName>limit</ElementName><required>false</required><EffortAttribute z:Ref="i118"/><LowerAttribute z:Ref="i116"/><UpperAttribute z:Ref="i117"/><VelocityAttribute z:Ref="i119"/></URDFElement><URDFElement z:Id="i120" i:type="Calibration"><Attributes><Attribute z:Id="i121"><AttributeType>rising</AttributeType><IsRequired>false</IsRequired><Value i:nil="true"/></Attribute><Attribute z:Id="i122"><AttributeType>falling</AttributeType><IsRequired>false</IsRequired><Value i:nil="true"/></Attribute></Attributes><ChildElements/><ElementName>calibration</ElementName><required>false</required><FallingAttribute z:Ref="i122"/><RisingAttribute z:Ref="i121"/></URDFElement><URDFElement z:Id="i123" i:type="Dynamics"><Attributes><Attribute z:Id="i124"><AttributeType>damping</AttributeType><IsRequired>false</IsRequired><Value i:nil="true"/></Attribute><Attribute z:Id="i125"><AttributeType>friction</AttributeType><IsRequired>false</IsRequired><Value i:nil="true"/></Attribute></Attributes><ChildElements/><ElementName>dynamics</ElementName><required>false</required><DampingAttribute z:Ref="i124"/><FrictionAttribute z:Ref="i125"/></URDFElement><URDFElement z:Id="i126" i:type="SafetyController"><Attributes><Attribute z:Id="i127"><AttributeType>soft_upper_limit</AttributeType><IsRequired>false</IsRequired><Value i:nil="true"/></Attribute><Attribute z:Id="i128"><AttributeType>soft_lower_limit</AttributeType><IsRequired>false</IsRequired><Value i:nil="true"/></Attribute><Attribute z:Id="i129"><AttributeType>k_position</AttributeType><IsRequired>false</IsRequired><Value i:nil="true"/></Attribute><Attribute z:Id="i130"><AttributeType>k_velocity</AttributeType><IsRequired>true</IsRequired><Value i:nil="true"/></Attribute></Attributes><ChildElements/><ElementName>safety_controller</ElementName><required>false</required><KPositionAttribute z:Ref="i129"/><KVelocityAttribute z:Ref="i130"/><SoftLowerAttribute z:Ref="i128"/><SoftUpperAttribute z:Ref="i127"/></URDFElement><URDFElement z:Id="i131" i:type="Mimic"><Attributes><Attribute z:Id="i132"><AttributeType>joint</AttributeType><IsRequired>true</IsRequired><Value i:nil="true"/></Attribute><Attribute z:Id="i133"><AttributeType>multiplier</AttributeType><IsRequired>false</IsRequired><Value i:nil="true"/></Attribute><Attribute z:Id="i134"><AttributeType>offset</AttributeType><IsRequired>false</IsRequired><Value i:nil="true"/></Attribute></Attributes><ChildElements/><ElementName>mimic</ElementName><required>false</required><JointNameAttribute z:Ref="i132"/><MultiplierAttribute z:Ref="i133"/><OffsetAttribute z:Ref="i134"/></URDFElement></ChildElements><ElementName>joint</ElementName><required>false</required><Axis z:Ref="i113"/><AxisName>J1-axis</AxisName><Calibration z:Ref="i120"/><Child z:Ref="i111"/><CoordinateSystemName>Automatically Generate</CoordinateSystemName><Dynamics z:Ref="i123"/><Limit z:Ref="i115"/><Mimic z:Ref="i131"/><NameAttribute z:Ref="i104"/><Origin z:Ref="i106"/><Parent z:Ref="i109"/><Safety z:Ref="i126"/><TypeAttribute z:Ref="i105"/></URDFElement></ChildElements><ElementName>link</ElementName><required>true</required><Children><Link z:Id="i135"><Attributes><Attribute z:Id="i136"><AttributeType>name</AttributeType><IsRequired>true</IsRequired><Value i:type="a:string" xmlns:a="http://www.w3.org/2001/XMLSchema">upper_arm_link</Value></Attribute></Attributes><ChildElements><URDFElement z:Id="i137" i:type="Inertial"><Attributes/><ChildElements><URDFElement z:Id="i138" i:type="Origin"><Attributes><Attribute z:Id="i139"><AttributeType>xyz</AttributeType><IsRequired>true</IsRequired><Value i:type="a:ArrayOfdouble" xmlns:a="http://schemas.microsoft.com/2003/10/Serialization/Arrays"><a:double>0</a:double><a:double>0</a:double><a:double>0</a:double></Value></Attribute><Attribute z:Id="i140"><AttributeType>rpy</AttributeType><IsRequired>true</IsRequired><Value i:type="a:ArrayOfdouble" xmlns:a="http://schemas.microsoft.com/2003/10/Serialization/Arrays"><a:double>0</a:double><a:double>0</a:double><a:double>0</a:double></Value></Attribute></Attributes><ChildElements/><ElementName>origin</ElementName><required>false</required><RPYAttribute z:Ref="i140"/><XYZAttribute z:Ref="i139"/><isCustomized>false</isCustomized></URDFElement><URDFElement z:Id="i141" i:type="Mass"><Attributes><Attribute z:Id="i142"><AttributeType>value</AttributeType><IsRequired>true</IsRequired><Value i:type="a:double" xmlns:a="http://www.w3.org/2001/XMLSchema">0</Value></Attribute></Attributes><ChildElements/><ElementName>mass</ElementName><required>false</required><ValueAttribute z:Ref="i142"/></URDFElement><URDFElement z:Id="i143" i:type="Inertia"><Attributes><Attribute z:Id="i144"><AttributeType>ixx</AttributeType><IsRequired>true</IsRequired><Value i:type="a:double" xmlns:a="http://www.w3.org/2001/XMLSchema">0</Value></Attribute><Attribute z:Id="i145"><AttributeType>ixy</AttributeType><IsRequired>true</IsRequired><Value i:type="a:double" xmlns:a="http://www.w3.org/2001/XMLSchema">0</Value></Attribute><Attribute z:Id="i146"><AttributeType>ixz</AttributeType><IsRequired>true</IsRequired><Value i:type="a:double" xmlns:a="http://www.w3.org/2001/XMLSchema">0</Value></Attribute><Attribute z:Id="i147"><AttributeType>iyy</AttributeType><IsRequired>true</IsRequired><Value i:type="a:double" xmlns:a="http://www.w3.org/2001/XMLSchema">0</Value></Attribute><Attribute z:Id="i148"><AttributeType>iyz</AttributeType><IsRequired>true</IsRequired><Value i:type="a:double" xmlns:a="http://www.w3.org/2001/XMLSchema">0</Value></Attribute><Attribute z:Id="i149"><AttributeType>izz</AttributeType><IsRequired>true</IsRequired><Value i:type="a:double" xmlns:a="http://www.w3.org/2001/XMLSchema">0</Value></Attribute></Attributes><ChildElements/><ElementName>inertia</ElementName><required>false</required><IxxAttribute z:Ref="i144"/><IxyAttribute z:Ref="i145"/><IxzAttribute z:Ref="i146"/><IyyAttribute z:Ref="i147"/><IyzAttribute z:Ref="i148"/><IzzAttribute z:Ref="i149"/></URDFElement></ChildElements><ElementName>inertial</ElementName><required>false</required><Inertia z:Ref="i143"/><Mass z:Ref="i141"/><Origin z:Ref="i138"/></URDFElement><URDFElement z:Id="i150" i:type="Visual"><Attributes/><ChildElements><URDFElement z:Id="i151" i:type="Origin"><Attributes><Attribute z:Id="i152"><AttributeType>xyz</AttributeType><IsRequired>true</IsRequired><Value i:type="a:ArrayOfdouble" xmlns:a="http://schemas.microsoft.com/2003/10/Serialization/Arrays"><a:double>0</a:double><a:double>0</a:double><a:double>0</a:double></Value></Attribute><Attribute z:Id="i153"><AttributeType>rpy</AttributeType><IsRequired>true</IsRequired><Value i:type="a:ArrayOfdouble" xmlns:a="http://schemas.microsoft.com/2003/10/Serialization/Arrays"><a:double>0</a:double><a:double>0</a:double><a:double>0</a:double></Value></Attribute></Attributes><ChildElements/><ElementName>origin</ElementName><required>false</required><RPYAttribute z:Ref="i153"/><XYZAttribute z:Ref="i152"/><isCustomized>false</isCustomized></URDFElement><URDFElement z:Id="i154" i:type="Geometry"><Attributes/><ChildElements><URDFElement z:Id="i155" i:type="Mesh"><Attributes><Attribute z:Id="i156"><AttributeType>filename</AttributeType><IsRequired>true</IsRequired><Value i:nil="true"/></Attribute></Attributes><ChildElements/><ElementName>mesh</ElementName><required>false</required><FilenameAttribute z:Ref="i156"/></URDFElement></ChildElements><ElementName>geometry</ElementName><required>true</required><Mesh z:Ref="i155"/></URDFElement><URDFElement z:Id="i157" i:type="Material"><Attributes><Attribute z:Id="i158"><AttributeType>name</AttributeType><IsRequired>true</IsRequired><Value i:type="a:string" xmlns:a="http://www.w3.org/2001/XMLSchema"/></Attribute></Attributes><ChildElements><URDFElement z:Id="i159" i:type="Color"><Attributes><Attribute z:Id="i160"><AttributeType>rgba</AttributeType><IsRequired>true</IsRequired><Value i:type="a:ArrayOfdouble" xmlns:a="http://schemas.microsoft.com/2003/10/Serialization/Arrays"><a:double>1</a:double><a:double>1</a:double><a:double>1</a:double><a:double>1</a:double></Value></Attribute></Attributes><ChildElements/><ElementName>color</ElementName><required>false</required><RGBAAttribute z:Ref="i160"/></URDFElement><URDFElement z:Id="i161" i:type="Texture"><Attributes><Attribute z:Id="i162"><AttributeType>filename</AttributeType><IsRequired>true</IsRequired><Value i:nil="true"/></Attribute></Attributes><ChildElements/><ElementName>texture</ElementName><required>false</required><FilenameAttribute z:Ref="i162"/><wFilename/></URDFElement></ChildElements><ElementName>material</ElementName><required>false</required><Color z:Ref="i159"/><NameAttribute z:Ref="i158"/><Texture z:Ref="i161"/></URDFElement></ChildElements><ElementName>visual</ElementName><required>false</required><Geometry z:Ref="i154"/><Material z:Ref="i157"/><Origin z:Ref="i151"/></URDFElement><URDFElement z:Id="i163" i:type="Collision"><Attributes/><ChildElements><URDFElement z:Id="i164" i:type="Origin"><Attributes><Attribute z:Id="i165"><AttributeType>xyz</AttributeType><IsRequired>true</IsRequired><Value i:type="a:ArrayOfdouble" xmlns:a="http://schemas.microsoft.com/2003/10/Serialization/Arrays"><a:double>0</a:double><a:double>0</a:double><a:double>0</a:double></Value></Attribute><Attribute z:Id="i166"><AttributeType>rpy</AttributeType><IsRequired>true</IsRequired><Value i:type="a:ArrayOfdouble" xmlns:a="http://schemas.microsoft.com/2003/10/Serialization/Arrays"><a:double>0</a:double><a:double>0</a:double><a:double>0</a:double></Value></Attribute></Attributes><ChildElements/><ElementName>origin</ElementName><required>false</required><RPYAttribute z:Ref="i166"/><XYZAttribute z:Ref="i165"/><isCustomized>false</isCustomized></URDFElement><URDFElement z:Id="i167" i:type="Geometry"><Attributes/><ChildElements><URDFElement z:Id="i168" i:type="Mesh"><Attributes><Attribute z:Id="i169"><AttributeType>filename</AttributeType><IsRequired>true</IsRequired><Value i:nil="true"/></Attribute></Attributes><ChildElements/><ElementName>mesh</ElementName><required>false</required><FilenameAttribute z:Ref="i169"/></URDFElement></ChildElements><ElementName>geometry</ElementName><required>true</required><Mesh z:Ref="i168"/></URDFElement></ChildElements><ElementName>collision</ElementName><required>false</required><Geometry z:Ref="i167"/><Origin z:Ref="i164"/></URDFElement><URDFElement z:Id="i170" i:type="Joint"><Attributes><Attribute z:Id="i171"><AttributeType>name</AttributeType><IsRequired>true</IsRequired><Value i:type="a:string" xmlns:a="http://www.w3.org/2001/XMLSchema">shoulder_lift</Value></Attribute><Attribute z:Id="i172"><AttributeType>type</AttributeType><IsRequired>true</IsRequired><Value i:type="a:string" xmlns:a="http://www.w3.org/2001/XMLSchema">revolute</Value></Attribute></Attributes><ChildElements><URDFElement z:Id="i173" i:type="Origin"><Attributes><Attribute z:Id="i174"><AttributeType>xyz</AttributeType><IsRequired>true</IsRequired><Value i:type="a:ArrayOfdouble" xmlns:a="http://schemas.microsoft.com/2003/10/Serialization/Arrays"><a:double>0</a:double><a:double>0</a:double><a:double>0</a:double></Value></Attribute><Attribute z:Id="i175"><AttributeType>rpy</AttributeType><IsRequired>true</IsRequired><Value i:type="a:ArrayOfdouble" xmlns:a="http://schemas.microsoft.com/2003/10/Serialization/Arrays"><a:double>0</a:double><a:double>0</a:double><a:double>0</a:double></Value></Attribute></Attributes><ChildElements/><ElementName>origin</ElementName><required>false</required><RPYAttribute z:Ref="i175"/><XYZAttribute z:Ref="i174"/><isCustomized>false</isCustomized></URDFElement><URDFElement z:Id="i176" i:type="ParentLink"><Attributes><Attribute z:Id="i177"><AttributeType>link</AttributeType><IsRequired>true</IsRequired><Value i:type="a:string" xmlns:a="http://www.w3.org/2001/XMLSchema"/></Attribute></Attributes><ChildElements/><ElementName>parent</ElementName><required>true</required><NameAttribute z:Ref="i177"/></URDFElement><URDFElement z:Id="i178" i:type="ChildLink"><Attributes><Attribute z:Id="i179"><AttributeType>link</AttributeType><IsRequired>true</IsRequired><Value i:type="a:string" xmlns:a="http://www.w3.org/2001/XMLSchema"/></Attribute></Attributes><ChildElements/><ElementName>child</ElementName><required>true</required><NameAttribute z:Ref="i179"/></URDFElement><URDFElement z:Id="i180" i:type="Axis"><Attributes><Attribute z:Id="i181"><AttributeType>xyz</AttributeType><IsRequired>true</IsRequired><Value i:type="a:ArrayOfdouble" xmlns:a="http://schemas.microsoft.com/2003/10/Serialization/Arrays"><a:double>0</a:double><a:double>0</a:double><a:double>0</a:double></Value></Attribute></Attributes><ChildElements/><ElementName>axis</ElementName><required>false</required><XYZAttribute z:Ref="i181"/></URDFElement><URDFElement z:Id="i182" i:type="Limit"><Attributes><Attribute z:Id="i183"><AttributeType>lower</AttributeType><IsRequired>false</IsRequired><Value i:nil="true"/></Attribute><Attribute z:Id="i184"><AttributeType>upper</AttributeType><IsRequired>false</IsRequired><Value i:nil="true"/></Attribute><Attribute z:Id="i185"><AttributeType>effort</AttributeType><IsRequired>true</IsRequired><Value i:nil="true"/></Attribute><Attribute z:Id="i186"><AttributeType>velocity</AttributeType><IsRequired>true</IsRequired><Value i:nil="true"/></Attribute></Attributes><ChildElements/><ElementName>limit</ElementName><required>false</required><EffortAttribute z:Ref="i185"/><LowerAttribute z:Ref="i183"/><UpperAttribute z:Ref="i184"/><VelocityAttribute z:Ref="i186"/></URDFElement><URDFElement z:Id="i187" i:type="Calibration"><Attributes><Attribute z:Id="i188"><AttributeType>rising</AttributeType><IsRequired>false</IsRequired><Value i:nil="true"/></Attribute><Attribute z:Id="i189"><AttributeType>falling</AttributeType><IsRequired>false</IsRequired><Value i:nil="true"/></Attribute></Attributes><ChildElements/><ElementName>calibration</ElementName><required>false</required><FallingAttribute z:Ref="i189"/><RisingAttribute z:Ref="i188"/></URDFElement><URDFElement z:Id="i190" i:type="Dynamics"><Attributes><Attribute z:Id="i191"><AttributeType>damping</AttributeType><IsRequired>false</IsRequired><Value i:nil="true"/></Attribute><Attribute z:Id="i192"><AttributeType>friction</AttributeType><IsRequired>false</IsRequired><Value i:nil="true"/></Attribute></Attributes><ChildElements/><ElementName>dynamics</ElementName><required>false</required><DampingAttribute z:Ref="i191"/><FrictionAttribute z:Ref="i192"/></URDFElement><URDFElement z:Id="i193" i:type="SafetyController"><Attributes><Attribute z:Id="i194"><AttributeType>soft_upper_limit</AttributeType><IsRequired>false</IsRequired><Value i:nil="true"/></Attribute><Attribute z:Id="i195"><AttributeType>soft_lower_limit</AttributeType><IsRequired>false</IsRequired><Value i:nil="true"/></Attribute><Attribute z:Id="i196"><AttributeType>k_position</AttributeType><IsRequired>false</IsRequired><Value i:nil="true"/></Attribute><Attribute z:Id="i197"><AttributeType>k_velocity</AttributeType><IsRequired>true</IsRequired><Value i:nil="true"/></Attribute></Attributes><ChildElements/><ElementName>safety_controller</ElementName><required>false</required><KPositionAttribute z:Ref="i196"/><KVelocityAttribute z:Ref="i197"/><SoftLowerAttribute z:Ref="i195"/><SoftUpperAttribute z:Ref="i194"/></URDFElement><URDFElement z:Id="i198" i:type="Mimic"><Attributes><Attribute z:Id="i199"><AttributeType>joint</AttributeType><IsRequired>true</IsRequired><Value i:nil="true"/></Attribute><Attribute z:Id="i200"><AttributeType>multiplier</AttributeType><IsRequired>false</IsRequired><Value i:nil="true"/></Attribute><Attribute z:Id="i201"><AttributeType>offset</AttributeType><IsRequired>false</IsRequired><Value i:nil="true"/></Attribute></Attributes><ChildElements/><ElementName>mimic</ElementName><required>false</required><JointNameAttribute z:Ref="i199"/><MultiplierAttribute z:Ref="i200"/><OffsetAttribute z:Ref="i201"/></URDFElement></ChildElements><ElementName>joint</ElementName><required>false</required><Axis z:Ref="i180"/><AxisName>J2-axis</AxisName><Calibration z:Ref="i187"/><Child z:Ref="i178"/><CoordinateSystemName>Automatically Generate</CoordinateSystemName><Dynamics z:Ref="i190"/><Limit z:Ref="i182"/><Mimic z:Ref="i198"/><NameAttribute z:Ref="i171"/><Origin z:Ref="i173"/><Parent z:Ref="i176"/><Safety z:Ref="i193"/><TypeAttribute z:Ref="i172"/></URDFElement></ChildElements><ElementName>link</ElementName><required>true</required><Children><Link z:Id="i202"><Attributes><Attribute z:Id="i203"><AttributeType>name</AttributeType><IsRequired>true</IsRequired><Value i:type="a:string" xmlns:a="http://www.w3.org/2001/XMLSchema">elbow_link</Value></Attribute></Attributes><ChildElements><URDFElement z:Id="i204" i:type="Inertial"><Attributes/><ChildElements><URDFElement z:Id="i205" i:type="Origin"><Attributes><Attribute z:Id="i206"><AttributeType>xyz</AttributeType><IsRequired>true</IsRequired><Value i:type="a:ArrayOfdouble" xmlns:a="http://schemas.microsoft.com/2003/10/Serialization/Arrays"><a:double>0</a:double><a:double>0</a:double><a:double>0</a:double></Value></Attribute><Attribute z:Id="i207"><AttributeType>rpy</AttributeType><IsRequired>true</IsRequired><Value i:type="a:ArrayOfdouble" xmlns:a="http://schemas.microsoft.com/2003/10/Serialization/Arrays"><a:double>0</a:double><a:double>0</a:double><a:double>0</a:double></Value></Attribute></Attributes><ChildElements/><ElementName>origin</ElementName><required>false</required><RPYAttribute z:Ref="i207"/><XYZAttribute z:Ref="i206"/><isCustomized>false</isCustomized></URDFElement><URDFElement z:Id="i208" i:type="Mass"><Attributes><Attribute z:Id="i209"><AttributeType>value</AttributeType><IsRequired>true</IsRequired><Value i:type="a:double" xmlns:a="http://www.w3.org/2001/XMLSchema">0</Value></Attribute></Attributes><ChildElements/><ElementName>mass</ElementName><required>false</required><ValueAttribute z:Ref="i209"/></URDFElement><URDFElement z:Id="i210" i:type="Inertia"><Attributes><Attribute z:Id="i211"><AttributeType>ixx</AttributeType><IsRequired>true</IsRequired><Value i:type="a:double" xmlns:a="http://www.w3.org/2001/XMLSchema">0</Value></Attribute><Attribute z:Id="i212"><AttributeType>ixy</AttributeType><IsRequired>true</IsRequired><Value i:type="a:double" xmlns:a="http://www.w3.org/2001/XMLSchema">0</Value></Attribute><Attribute z:Id="i213"><AttributeType>ixz</AttributeType><IsRequired>true</IsRequired><Value i:type="a:double" xmlns:a="http://www.w3.org/2001/XMLSchema">0</Value></Attribute><Attribute z:Id="i214"><AttributeType>iyy</AttributeType><IsRequired>true</IsRequired><Value i:type="a:double" xmlns:a="http://www.w3.org/2001/XMLSchema">0</Value></Attribute><Attribute z:Id="i215"><AttributeType>iyz</AttributeType><IsRequired>true</IsRequired><Value i:type="a:double" xmlns:a="http://www.w3.org/2001/XMLSchema">0</Value></Attribute><Attribute z:Id="i216"><AttributeType>izz</AttributeType><IsRequired>true</IsRequired><Value i:type="a:double" xmlns:a="http://www.w3.org/2001/XMLSchema">0</Value></Attribute></Attributes><ChildElements/><ElementName>inertia</ElementName><required>false</required><IxxAttribute z:Ref="i211"/><IxyAttribute z:Ref="i212"/><IxzAttribute z:Ref="i213"/><IyyAttribute z:Ref="i214"/><IyzAttribute z:Ref="i215"/><IzzAttribute z:Ref="i216"/></URDFElement></ChildElements><ElementName>inertial</ElementName><required>false</required><Inertia z:Ref="i210"/><Mass z:Ref="i208"/><Origin z:Ref="i205"/></URDFElement><URDFElement z:Id="i217" i:type="Visual"><Attributes/><ChildElements><URDFElement z:Id="i218" i:type="Origin"><Attributes><Attribute z:Id="i219"><AttributeType>xyz</AttributeType><IsRequired>true</IsRequired><Value i:type="a:ArrayOfdouble" xmlns:a="http://schemas.microsoft.com/2003/10/Serialization/Arrays"><a:double>0</a:double><a:double>0</a:double><a:double>0</a:double></Value></Attribute><Attribute z:Id="i220"><AttributeType>rpy</AttributeType><IsRequired>true</IsRequired><Value i:type="a:ArrayOfdouble" xmlns:a="http://schemas.microsoft.com/2003/10/Serialization/Arrays"><a:double>0</a:double><a:double>0</a:double><a:double>0</a:double></Value></Attribute></Attributes><ChildElements/><ElementName>origin</ElementName><required>false</required><RPYAttribute z:Ref="i220"/><XYZAttribute z:Ref="i219"/><isCustomized>false</isCustomized></URDFElement><URDFElement z:Id="i221" i:type="Geometry"><Attributes/><ChildElements><URDFElement z:Id="i222" i:type="Mesh"><Attributes><Attribute z:Id="i223"><AttributeType>filename</AttributeType><IsRequired>true</IsRequired><Value i:nil="true"/></Attribute></Attributes><ChildElements/><ElementName>mesh</ElementName><required>false</required><FilenameAttribute z:Ref="i223"/></URDFElement></ChildElements><ElementName>geometry</ElementName><required>true</required><Mesh z:Ref="i222"/></URDFElement><URDFElement z:Id="i224" i:type="Material"><Attributes><Attribute z:Id="i225"><AttributeType>name</AttributeType><IsRequired>true</IsRequired><Value i:type="a:string" xmlns:a="http://www.w3.org/2001/XMLSchema"/></Attribute></Attributes><ChildElements><URDFElement z:Id="i226" i:type="Color"><Attributes><Attribute z:Id="i227"><AttributeType>rgba</AttributeType><IsRequired>true</IsRequired><Value i:type="a:ArrayOfdouble" xmlns:a="http://schemas.microsoft.com/2003/10/Serialization/Arrays"><a:double>1</a:double><a:double>1</a:double><a:double>1</a:double><a:double>1</a:double></Value></Attribute></Attributes><ChildElements/><ElementName>color</ElementName><required>false</required><RGBAAttribute z:Ref="i227"/></URDFElement><URDFElement z:Id="i228" i:type="Texture"><Attributes><Attribute z:Id="i229"><AttributeType>filename</AttributeType><IsRequired>true</IsRequired><Value i:nil="true"/></Attribute></Attributes><ChildElements/><ElementName>texture</ElementName><required>false</required><FilenameAttribute z:Ref="i229"/><wFilename/></URDFElement></ChildElements><ElementName>material</ElementName><required>false</required><Color z:Ref="i226"/><NameAttribute z:Ref="i225"/><Texture z:Ref="i228"/></URDFElement></ChildElements><ElementName>visual</ElementName><required>false</required><Geometry z:Ref="i221"/><Material z:Ref="i224"/><Origin z:Ref="i218"/></URDFElement><URDFElement z:Id="i230" i:type="Collision"><Attributes/><ChildElements><URDFElement z:Id="i231" i:type="Origin"><Attributes><Attribute z:Id="i232"><AttributeType>xyz</AttributeType><IsRequired>true</IsRequired><Value i:type="a:ArrayOfdouble" xmlns:a="http://schemas.microsoft.com/2003/10/Serialization/Arrays"><a:double>0</a:double><a:double>0</a:double><a:double>0</a:double></Value></Attribute><Attribute z:Id="i233"><AttributeType>rpy</AttributeType><IsRequired>true</IsRequired><Value i:type="a:ArrayOfdouble" xmlns:a="http://schemas.microsoft.com/2003/10/Serialization/Arrays"><a:double>0</a:double><a:double>0</a:double><a:double>0</a:double></Value></Attribute></Attributes><ChildElements/><ElementName>origin</ElementName><required>false</required><RPYAttribute z:Ref="i233"/><XYZAttribute z:Ref="i232"/><isCustomized>false</isCustomized></URDFElement><URDFElement z:Id="i234" i:type="Geometry"><Attributes/><ChildElements><URDFElement z:Id="i235" i:type="Mesh"><Attributes><Attribute z:Id="i236"><AttributeType>filename</AttributeType><IsRequired>true</IsRequired><Value i:nil="true"/></Attribute></Attributes><ChildElements/><ElementName>mesh</ElementName><required>false</required><FilenameAttribute z:Ref="i236"/></URDFElement></ChildElements><ElementName>geometry</ElementName><required>true</required><Mesh z:Ref="i235"/></URDFElement></ChildElements><ElementName>collision</ElementName><required>false</required><Geometry z:Ref="i234"/><Origin z:Ref="i231"/></URDFElement><URDFElement z:Id="i237" i:type="Joint"><Attributes><Attribute z:Id="i238"><AttributeType>name</AttributeType><IsRequired>true</IsRequired><Value i:type="a:string" xmlns:a="http://www.w3.org/2001/XMLSchema">elbow_flex</Value></Attribute><Attribute z:Id="i239"><AttributeType>type</AttributeType><IsRequired>true</IsRequired><Value i:type="a:string" xmlns:a="http://www.w3.org/2001/XMLSchema">revolute</Value></Attribute></Attributes><ChildElements><URDFElement z:Id="i240" i:type="Origin"><Attributes><Attribute z:Id="i241"><AttributeType>xyz</AttributeType><IsRequired>true</IsRequired><Value i:type="a:ArrayOfdouble" xmlns:a="http://schemas.microsoft.com/2003/10/Serialization/Arrays"><a:double>0</a:double><a:double>0</a:double><a:double>0</a:double></Value></Attribute><Attribute z:Id="i242"><AttributeType>rpy</AttributeType><IsRequired>true</IsRequired><Value i:type="a:ArrayOfdouble" xmlns:a="http://schemas.microsoft.com/2003/10/Serialization/Arrays"><a:double>0</a:double><a:double>0</a:double><a:double>0</a:double></Value></Attribute></Attributes><ChildElements/><ElementName>origin</ElementName><required>false</required><RPYAttribute z:Ref="i242"/><XYZAttribute z:Ref="i241"/><isCustomized>false</isCustomized></URDFElement><URDFElement z:Id="i243" i:type="ParentLink"><Attributes><Attribute z:Id="i244"><AttributeType>link</AttributeType><IsRequired>true</IsRequired><Value i:type="a:string" xmlns:a="http://www.w3.org/2001/XMLSchema"/></Attribute></Attributes><ChildElements/><ElementName>parent</ElementName><required>true</required><NameAttribute z:Ref="i244"/></URDFElement><URDFElement z:Id="i245" i:type="ChildLink"><Attributes><Attribute z:Id="i246"><AttributeType>link</AttributeType><IsRequired>true</IsRequired><Value i:type="a:string" xmlns:a="http://www.w3.org/2001/XMLSchema"/></Attribute></Attributes><ChildElements/><ElementName>child</ElementName><required>true</required><NameAttribute z:Ref="i246"/></URDFElement><URDFElement z:Id="i247" i:type="Axis"><Attributes><Attribute z:Id="i248"><AttributeType>xyz</AttributeType><IsRequired>true</IsRequired><Value i:type="a:ArrayOfdouble" xmlns:a="http://schemas.microsoft.com/2003/10/Serialization/Arrays"><a:double>0</a:double><a:double>0</a:double><a:double>0</a:double></Value></Attribute></Attributes><ChildElements/><ElementName>axis</ElementName><required>false</required><XYZAttribute z:Ref="i248"/></URDFElement><URDFElement z:Id="i249" i:type="Limit"><Attributes><Attribute z:Id="i250"><AttributeType>lower</AttributeType><IsRequired>false</IsRequired><Value i:nil="true"/></Attribute><Attribute z:Id="i251"><AttributeType>upper</AttributeType><IsRequired>false</IsRequired><Value i:nil="true"/></Attribute><Attribute z:Id="i252"><AttributeType>effort</AttributeType><IsRequired>true</IsRequired><Value i:nil="true"/></Attribute><Attribute z:Id="i253"><AttributeType>velocity</AttributeType><IsRequired>true</IsRequired><Value i:nil="true"/></Attribute></Attributes><ChildElements/><ElementName>limit</ElementName><required>false</required><EffortAttribute z:Ref="i252"/><LowerAttribute z:Ref="i250"/><UpperAttribute z:Ref="i251"/><VelocityAttribute z:Ref="i253"/></URDFElement><URDFElement z:Id="i254" i:type="Calibration"><Attributes><Attribute z:Id="i255"><AttributeType>rising</AttributeType><IsRequired>false</IsRequired><Value i:nil="true"/></Attribute><Attribute z:Id="i256"><AttributeType>falling</AttributeType><IsRequired>false</IsRequired><Value i:nil="true"/></Attribute></Attributes><ChildElements/><ElementName>calibration</ElementName><required>false</required><FallingAttribute z:Ref="i256"/><RisingAttribute z:Ref="i255"/></URDFElement><URDFElement z:Id="i257" i:type="Dynamics"><Attributes><Attribute z:Id="i258"><AttributeType>damping</AttributeType><IsRequired>false</IsRequired><Value i:nil="true"/></Attribute><Attribute z:Id="i259"><AttributeType>friction</AttributeType><IsRequired>false</IsRequired><Value i:nil="true"/></Attribute></Attributes><ChildElements/><ElementName>dynamics</ElementName><required>false</required><DampingAttribute z:Ref="i258"/><FrictionAttribute z:Ref="i259"/></URDFElement><URDFElement z:Id="i260" i:type="SafetyController"><Attributes><Attribute z:Id="i261"><AttributeType>soft_upper_limit</AttributeType><IsRequired>false</IsRequired><Value i:nil="true"/></Attribute><Attribute z:Id="i262"><AttributeType>soft_lower_limit</AttributeType><IsRequired>false</IsRequired><Value i:nil="true"/></Attribute><Attribute z:Id="i263"><AttributeType>k_position</AttributeType><IsRequired>false</IsRequired><Value i:nil="true"/></Attribute><Attribute z:Id="i264"><AttributeType>k_velocity</AttributeType><IsRequired>true</IsRequired><Value i:nil="true"/></Attribute></Attributes><ChildElements/><ElementName>safety_controller</ElementName><required>false</required><KPositionAttribute z:Ref="i263"/><KVelocityAttribute z:Ref="i264"/><SoftLowerAttribute z:Ref="i262"/><SoftUpperAttribute z:Ref="i261"/></URDFElement><URDFElement z:Id="i265" i:type="Mimic"><Attributes><Attribute z:Id="i266"><AttributeType>joint</AttributeType><IsRequired>true</IsRequired><Value i:nil="true"/></Attribute><Attribute z:Id="i267"><AttributeType>multiplier</AttributeType><IsRequired>false</IsRequired><Value i:nil="true"/></Attribute><Attribute z:Id="i268"><AttributeType>offset</AttributeType><IsRequired>false</IsRequired><Value i:nil="true"/></Attribute></Attributes><ChildElements/><ElementName>mimic</ElementName><required>false</required><JointNameAttribute z:Ref="i266"/><MultiplierAttribute z:Ref="i267"/><OffsetAttribute z:Ref="i268"/></URDFElement></ChildElements><ElementName>joint</ElementName><required>false</required><Axis z:Ref="i247"/><AxisName>J3-axis</AxisName><Calibration z:Ref="i254"/><Child z:Ref="i245"/><CoordinateSystemName>Automatically Generate</CoordinateSystemName><Dynamics z:Ref="i257"/><Limit z:Ref="i249"/><Mimic z:Ref="i265"/><NameAttribute z:Ref="i238"/><Origin z:Ref="i240"/><Parent z:Ref="i243"/><Safety z:Ref="i260"/><TypeAttribute z:Ref="i239"/></URDFElement></ChildElements><ElementName>link</ElementName><required>true</required><Children><Link z:Id="i269"><Attributes><Attribute z:Id="i270"><AttributeType>name</AttributeType><IsRequired>true</IsRequired><Value i:type="a:string" xmlns:a="http://www.w3.org/2001/XMLSchema">forearm_link</Value></Attribute></Attributes><ChildElements><URDFElement z:Id="i271" i:type="Inertial"><Attributes/><ChildElements><URDFElement z:Id="i272" i:type="Origin"><Attributes><Attribute z:Id="i273"><AttributeType>xyz</AttributeType><IsRequired>true</IsRequired><Value i:type="a:ArrayOfdouble" xmlns:a="http://schemas.microsoft.com/2003/10/Serialization/Arrays"><a:double>0</a:double><a:double>0</a:double><a:double>0</a:double></Value></Attribute><Attribute z:Id="i274"><AttributeType>rpy</AttributeType><IsRequired>true</IsRequired><Value i:type="a:ArrayOfdouble" xmlns:a="http://schemas.microsoft.com/2003/10/Serialization/Arrays"><a:double>0</a:double><a:double>0</a:double><a:double>0</a:double></Value></Attribute></Attributes><ChildElements/><ElementName>origin</ElementName><required>false</required><RPYAttribute z:Ref="i274"/><XYZAttribute z:Ref="i273"/><isCustomized>false</isCustomized></URDFElement><URDFElement z:Id="i275" i:type="Mass"><Attributes><Attribute z:Id="i276"><AttributeType>value</AttributeType><IsRequired>true</IsRequired><Value i:type="a:double" xmlns:a="http://www.w3.org/2001/XMLSchema">0</Value></Attribute></Attributes><ChildElements/><ElementName>mass</ElementName><required>false</required><ValueAttribute z:Ref="i276"/></URDFElement><URDFElement z:Id="i277" i:type="Inertia"><Attributes><Attribute z:Id="i278"><AttributeType>ixx</AttributeType><IsRequired>true</IsRequired><Value i:type="a:double" xmlns:a="http://www.w3.org/2001/XMLSchema">0</Value></Attribute><Attribute z:Id="i279"><AttributeType>ixy</AttributeType><IsRequired>true</IsRequired><Value i:type="a:double" xmlns:a="http://www.w3.org/2001/XMLSchema">0</Value></Attribute><Attribute z:Id="i280"><AttributeType>ixz</AttributeType><IsRequired>true</IsRequired><Value i:type="a:double" xmlns:a="http://www.w3.org/2001/XMLSchema">0</Value></Attribute><Attribute z:Id="i281"><AttributeType>iyy</AttributeType><IsRequired>true</IsRequired><Value i:type="a:double" xmlns:a="http://www.w3.org/2001/XMLSchema">0</Value></Attribute><Attribute z:Id="i282"><AttributeType>iyz</AttributeType><IsRequired>true</IsRequired><Value i:type="a:double" xmlns:a="http://www.w3.org/2001/XMLSchema">0</Value></Attribute><Attribute z:Id="i283"><AttributeType>izz</AttributeType><IsRequired>true</IsRequired><Value i:type="a:double" xmlns:a="http://www.w3.org/2001/XMLSchema">0</Value></Attribute></Attributes><ChildElements/><ElementName>inertia</ElementName><required>false</required><IxxAttribute z:Ref="i278"/><IxyAttribute z:Ref="i279"/><IxzAttribute z:Ref="i280"/><IyyAttribute z:Ref="i281"/><IyzAttribute z:Ref="i282"/><IzzAttribute z:Ref="i283"/></URDFElement></ChildElements><ElementName>inertial</ElementName><required>false</required><Inertia z:Ref="i277"/><Mass z:Ref="i275"/><Origin z:Ref="i272"/></URDFElement><URDFElement z:Id="i284" i:type="Visual"><Attributes/><ChildElements><URDFElement z:Id="i285" i:type="Origin"><Attributes><Attribute z:Id="i286"><AttributeType>xyz</AttributeType><IsRequired>true</IsRequired><Value i:type="a:ArrayOfdouble" xmlns:a="http://schemas.microsoft.com/2003/10/Serialization/Arrays"><a:double>0</a:double><a:double>0</a:double><a:double>0</a:double></Value></Attribute><Attribute z:Id="i287"><AttributeType>rpy</AttributeType><IsRequired>true</IsRequired><Value i:type="a:ArrayOfdouble" xmlns:a="http://schemas.microsoft.com/2003/10/Serialization/Arrays"><a:double>0</a:double><a:double>0</a:double><a:double>0</a:double></Value></Attribute></Attributes><ChildElements/><ElementName>origin</ElementName><required>false</required><RPYAttribute z:Ref="i287"/><XYZAttribute z:Ref="i286"/><isCustomized>false</isCustomized></URDFElement><URDFElement z:Id="i288" i:type="Geometry"><Attributes/><ChildElements><URDFElement z:Id="i289" i:type="Mesh"><Attributes><Attribute z:Id="i290"><AttributeType>filename</AttributeType><IsRequired>true</IsRequired><Value i:nil="true"/></Attribute></Attributes><ChildElements/><ElementName>mesh</ElementName><required>false</required><FilenameAttribute z:Ref="i290"/></URDFElement></ChildElements><ElementName>geometry</ElementName><required>true</required><Mesh z:Ref="i289"/></URDFElement><URDFElement z:Id="i291" i:type="Material"><Attributes><Attribute z:Id="i292"><AttributeType>name</AttributeType><IsRequired>true</IsRequired><Value i:type="a:string" xmlns:a="http://www.w3.org/2001/XMLSchema"/></Attribute></Attributes><ChildElements><URDFElement z:Id="i293" i:type="Color"><Attributes><Attribute z:Id="i294"><AttributeType>rgba</AttributeType><IsRequired>true</IsRequired><Value i:type="a:ArrayOfdouble" xmlns:a="http://schemas.microsoft.com/2003/10/Serialization/Arrays"><a:double>1</a:double><a:double>1</a:double><a:double>1</a:double><a:double>1</a:double></Value></Attribute></Attributes><ChildElements/><ElementName>color</ElementName><required>false</required><RGBAAttribute z:Ref="i294"/></URDFElement><URDFElement z:Id="i295" i:type="Texture"><Attributes><Attribute z:Id="i296"><AttributeType>filename</AttributeType><IsRequired>true</IsRequired><Value i:nil="true"/></Attribute></Attributes><ChildElements/><ElementName>texture</ElementName><required>false</required><FilenameAttribute z:Ref="i296"/><wFilename/></URDFElement></ChildElements><ElementName>material</ElementName><required>false</required><Color z:Ref="i293"/><NameAttribute z:Ref="i292"/><Texture z:Ref="i295"/></URDFElement></ChildElements><ElementName>visual</ElementName><required>false</required><Geometry z:Ref="i288"/><Material z:Ref="i291"/><Origin z:Ref="i285"/></URDFElement><URDFElement z:Id="i297" i:type="Collision"><Attributes/><ChildElements><URDFElement z:Id="i298" i:type="Origin"><Attributes><Attribute z:Id="i299"><AttributeType>xyz</AttributeType><IsRequired>true</IsRequired><Value i:type="a:ArrayOfdouble" xmlns:a="http://schemas.microsoft.com/2003/10/Serialization/Arrays"><a:double>0</a:double><a:double>0</a:double><a:double>0</a:double></Value></Attribute><Attribute z:Id="i300"><AttributeType>rpy</AttributeType><IsRequired>true</IsRequired><Value i:type="a:ArrayOfdouble" xmlns:a="http://schemas.microsoft.com/2003/10/Serialization/Arrays"><a:double>0</a:double><a:double>0</a:double><a:double>0</a:double></Value></Attribute></Attributes><ChildElements/><ElementName>origin</ElementName><required>false</required><RPYAttribute z:Ref="i300"/><XYZAttribute z:Ref="i299"/><isCustomized>false</isCustomized></URDFElement><URDFElement z:Id="i301" i:type="Geometry"><Attributes/><ChildElements><URDFElement z:Id="i302" i:type="Mesh"><Attributes><Attribute z:Id="i303"><AttributeType>filename</AttributeType><IsRequired>true</IsRequired><Value i:nil="true"/></Attribute></Attributes><ChildElements/><ElementName>mesh</ElementName><required>false</required><FilenameAttribute z:Ref="i303"/></URDFElement></ChildElements><ElementName>geometry</ElementName><required>true</required><Mesh z:Ref="i302"/></URDFElement></ChildElements><ElementName>collision</ElementName><required>false</required><Geometry z:Ref="i301"/><Origin z:Ref="i298"/></URDFElement><URDFElement z:Id="i304" i:type="Joint"><Attributes><Attribute z:Id="i305"><AttributeType>name</AttributeType><IsRequired>true</IsRequired><Value i:type="a:string" xmlns:a="http://www.w3.org/2001/XMLSchema">wrist_flex</Value></Attribute><Attribute z:Id="i306"><AttributeType>type</AttributeType><IsRequired>true</IsRequired><Value i:type="a:string" xmlns:a="http://www.w3.org/2001/XMLSchema">revolute</Value></Attribute></Attributes><ChildElements><URDFElement z:Id="i307" i:type="Origin"><Attributes><Attribute z:Id="i308"><AttributeType>xyz</AttributeType><IsRequired>true</IsRequired><Value i:type="a:ArrayOfdouble" xmlns:a="http://schemas.microsoft.com/2003/10/Serialization/Arrays"><a:double>0</a:double><a:double>0</a:double><a:double>0</a:double></Value></Attribute><Attribute z:Id="i309"><AttributeType>rpy</AttributeType><IsRequired>true</IsRequired><Value i:type="a:ArrayOfdouble" xmlns:a="http://schemas.microsoft.com/2003/10/Serialization/Arrays"><a:double>0</a:double><a:double>0</a:double><a:double>0</a:double></Value></Attribute></Attributes><ChildElements/><ElementName>origin</ElementName><required>false</required><RPYAttribute z:Ref="i309"/><XYZAttribute z:Ref="i308"/><isCustomized>false</isCustomized></URDFElement><URDFElement z:Id="i310" i:type="ParentLink"><Attributes><Attribute z:Id="i311"><AttributeType>link</AttributeType><IsRequired>true</IsRequired><Value i:type="a:string" xmlns:a="http://www.w3.org/2001/XMLSchema"/></Attribute></Attributes><ChildElements/><ElementName>parent</ElementName><required>true</required><NameAttribute z:Ref="i311"/></URDFElement><URDFElement z:Id="i312" i:type="ChildLink"><Attributes><Attribute z:Id="i313"><AttributeType>link</AttributeType><IsRequired>true</IsRequired><Value i:type="a:string" xmlns:a="http://www.w3.org/2001/XMLSchema"/></Attribute></Attributes><ChildElements/><ElementName>child</ElementName><required>true</required><NameAttribute z:Ref="i313"/></URDFElement><URDFElement z:Id="i314" i:type="Axis"><Attributes><Attribute z:Id="i315"><AttributeType>xyz</AttributeType><IsRequired>true</IsRequired><Value i:type="a:ArrayOfdouble" xmlns:a="http://schemas.microsoft.com/2003/10/Serialization/Arrays"><a:double>0</a:double><a:double>0</a:double><a:double>0</a:double></Value></Attribute></Attributes><ChildElements/><ElementName>axis</ElementName><required>false</required><XYZAttribute z:Ref="i315"/></URDFElement><URDFElement z:Id="i316" i:type="Limit"><Attributes><Attribute z:Id="i317"><AttributeType>lower</AttributeType><IsRequired>false</IsRequired><Value i:nil="true"/></Attribute><Attribute z:Id="i318"><AttributeType>upper</AttributeType><IsRequired>false</IsRequired><Value i:nil="true"/></Attribute><Attribute z:Id="i319"><AttributeType>effort</AttributeType><IsRequired>true</IsRequired><Value i:nil="true"/></Attribute><Attribute z:Id="i320"><AttributeType>velocity</AttributeType><IsRequired>true</IsRequired><Value i:nil="true"/></Attribute></Attributes><ChildElements/><ElementName>limit</ElementName><required>false</required><EffortAttribute z:Ref="i319"/><LowerAttribute z:Ref="i317"/><UpperAttribute z:Ref="i318"/><VelocityAttribute z:Ref="i320"/></URDFElement><URDFElement z:Id="i321" i:type="Calibration"><Attributes><Attribute z:Id="i322"><AttributeType>rising</AttributeType><IsRequired>false</IsRequired><Value i:nil="true"/></Attribute><Attribute z:Id="i323"><AttributeType>falling</AttributeType><IsRequired>false</IsRequired><Value i:nil="true"/></Attribute></Attributes><ChildElements/><ElementName>calibration</ElementName><required>false</required><FallingAttribute z:Ref="i323"/><RisingAttribute z:Ref="i322"/></URDFElement><URDFElement z:Id="i324" i:type="Dynamics"><Attributes><Attribute z:Id="i325"><AttributeType>damping</AttributeType><IsRequired>false</IsRequired><Value i:nil="true"/></Attribute><Attribute z:Id="i326"><AttributeType>friction</AttributeType><IsRequired>false</IsRequired><Value i:nil="true"/></Attribute></Attributes><ChildElements/><ElementName>dynamics</ElementName><required>false</required><DampingAttribute z:Ref="i325"/><FrictionAttribute z:Ref="i326"/></URDFElement><URDFElement z:Id="i327" i:type="SafetyController"><Attributes><Attribute z:Id="i328"><AttributeType>soft_upper_limit</AttributeType><IsRequired>false</IsRequired><Value i:nil="true"/></Attribute><Attribute z:Id="i329"><AttributeType>soft_lower_limit</AttributeType><IsRequired>false</IsRequired><Value i:nil="true"/></Attribute><Attribute z:Id="i330"><AttributeType>k_position</AttributeType><IsRequired>false</IsRequired><Value i:nil="true"/></Attribute><Attribute z:Id="i331"><AttributeType>k_velocity</AttributeType><IsRequired>true</IsRequired><Value i:nil="true"/></Attribute></Attributes><ChildElements/><ElementName>safety_controller</ElementName><required>false</required><KPositionAttribute z:Ref="i330"/><KVelocityAttribute z:Ref="i331"/><SoftLowerAttribute z:Ref="i329"/><SoftUpperAttribute z:Ref="i328"/></URDFElement><URDFElement z:Id="i332" i:type="Mimic"><Attributes><Attribute z:Id="i333"><AttributeType>joint</AttributeType><IsRequired>true</IsRequired><Value i:nil="true"/></Attribute><Attribute z:Id="i334"><AttributeType>multiplier</AttributeType><IsRequired>false</IsRequired><Value i:nil="true"/></Attribute><Attribute z:Id="i335"><AttributeType>offset</AttributeType><IsRequired>false</IsRequired><Value i:nil="true"/></Attribute></Attributes><ChildElements/><ElementName>mimic</ElementName><required>false</required><JointNameAttribute z:Ref="i333"/><MultiplierAttribute z:Ref="i334"/><OffsetAttribute z:Ref="i335"/></URDFElement></ChildElements><ElementName>joint</ElementName><required>false</required><Axis z:Ref="i314"/><AxisName>J4-axis</AxisName><Calibration z:Ref="i321"/><Child z:Ref="i312"/><CoordinateSystemName>Automatically Generate</CoordinateSystemName><Dynamics z:Ref="i324"/><Limit z:Ref="i316"/><Mimic z:Ref="i332"/><NameAttribute z:Ref="i305"/><Origin z:Ref="i307"/><Parent z:Ref="i310"/><Safety z:Ref="i327"/><TypeAttribute z:Ref="i306"/></URDFElement></ChildElements><ElementName>link</ElementName><required>true</required><Children><Link z:Id="i336"><Attributes><Attribute z:Id="i337"><AttributeType>name</AttributeType><IsRequired>true</IsRequired><Value i:type="a:string" xmlns:a="http://www.w3.org/2001/XMLSchema">gripper_link</Value></Attribute></Attributes><ChildElements><URDFElement z:Id="i338" i:type="Inertial"><Attributes/><ChildElements><URDFElement z:Id="i339" i:type="Origin"><Attributes><Attribute z:Id="i340"><AttributeType>xyz</AttributeType><IsRequired>true</IsRequired><Value i:type="a:ArrayOfdouble" xmlns:a="http://schemas.microsoft.com/2003/10/Serialization/Arrays"><a:double>0</a:double><a:double>0</a:double><a:double>0</a:double></Value></Attribute><Attribute z:Id="i341"><AttributeType>rpy</AttributeType><IsRequired>true</IsRequired><Value i:type="a:ArrayOfdouble" xmlns:a="http://schemas.microsoft.com/2003/10/Serialization/Arrays"><a:double>0</a:double><a:double>0</a:double><a:double>0</a:double></Value></Attribute></Attributes><ChildElements/><ElementName>origin</ElementName><required>false</required><RPYAttribute z:Ref="i341"/><XYZAttribute z:Ref="i340"/><isCustomized>false</isCustomized></URDFElement><URDFElement z:Id="i342" i:type="Mass"><Attributes><Attribute z:Id="i343"><AttributeType>value</AttributeType><IsRequired>true</IsRequired><Value i:type="a:double" xmlns:a="http://www.w3.org/2001/XMLSchema">0</Value></Attribute></Attributes><ChildElements/><ElementName>mass</ElementName><required>false</required><ValueAttribute z:Ref="i343"/></URDFElement><URDFElement z:Id="i344" i:type="Inertia"><Attributes><Attribute z:Id="i345"><AttributeType>ixx</AttributeType><IsRequired>true</IsRequired><Value i:type="a:double" xmlns:a="http://www.w3.org/2001/XMLSchema">0</Value></Attribute><Attribute z:Id="i346"><AttributeType>ixy</AttributeType><IsRequired>true</IsRequired><Value i:type="a:double" xmlns:a="http://www.w3.org/2001/XMLSchema">0</Value></Attribute><Attribute z:Id="i347"><AttributeType>ixz</AttributeType><IsRequired>true</IsRequired><Value i:type="a:double" xmlns:a="http://www.w3.org/2001/XMLSchema">0</Value></Attribute><Attribute z:Id="i348"><AttributeType>iyy</AttributeType><IsRequired>true</IsRequired><Value i:type="a:double" xmlns:a="http://www.w3.org/2001/XMLSchema">0</Value></Attribute><Attribute z:Id="i349"><AttributeType>iyz</AttributeType><IsRequired>true</IsRequired><Value i:type="a:double" xmlns:a="http://www.w3.org/2001/XMLSchema">0</Value></Attribute><Attribute z:Id="i350"><AttributeType>izz</AttributeType><IsRequired>true</IsRequired><Value i:type="a:double" xmlns:a="http://www.w3.org/2001/XMLSchema">0</Value></Attribute></Attributes><ChildElements/><ElementName>inertia</ElementName><required>false</required><IxxAttribute z:Ref="i345"/><IxyAttribute z:Ref="i346"/><IxzAttribute z:Ref="i347"/><IyyAttribute z:Ref="i348"/><IyzAttribute z:Ref="i349"/><IzzAttribute z:Ref="i350"/></URDFElement></ChildElements><ElementName>inertial</ElementName><required>false</required><Inertia z:Ref="i344"/><Mass z:Ref="i342"/><Origin z:Ref="i339"/></URDFElement><URDFElement z:Id="i351" i:type="Visual"><Attributes/><ChildElements><URDFElement z:Id="i352" i:type="Origin"><Attributes><Attribute z:Id="i353"><AttributeType>xyz</AttributeType><IsRequired>true</IsRequired><Value i:type="a:ArrayOfdouble" xmlns:a="http://schemas.microsoft.com/2003/10/Serialization/Arrays"><a:double>0</a:double><a:double>0</a:double><a:double>0</a:double></Value></Attribute><Attribute z:Id="i354"><AttributeType>rpy</AttributeType><IsRequired>true</IsRequired><Value i:type="a:ArrayOfdouble" xmlns:a="http://schemas.microsoft.com/2003/10/Serialization/Arrays"><a:double>0</a:double><a:double>0</a:double><a:double>0</a:double></Value></Attribute></Attributes><ChildElements/><ElementName>origin</ElementName><required>false</required><RPYAttribute z:Ref="i354"/><XYZAttribute z:Ref="i353"/><isCustomized>false</isCustomized></URDFElement><URDFElement z:Id="i355" i:type="Geometry"><Attributes/><ChildElements><URDFElement z:Id="i356" i:type="Mesh"><Attributes><Attribute z:Id="i357"><AttributeType>filename</AttributeType><IsRequired>true</IsRequired><Value i:nil="true"/></Attribute></Attributes><ChildElements/><ElementName>mesh</ElementName><required>false</required><FilenameAttribute z:Ref="i357"/></URDFElement></ChildElements><ElementName>geometry</ElementName><required>true</required><Mesh z:Ref="i356"/></URDFElement><URDFElement z:Id="i358" i:type="Material"><Attributes><Attribute z:Id="i359"><AttributeType>name</AttributeType><IsRequired>true</IsRequired><Value i:type="a:string" xmlns:a="http://www.w3.org/2001/XMLSchema"/></Attribute></Attributes><ChildElements><URDFElement z:Id="i360" i:type="Color"><Attributes><Attribute z:Id="i361"><AttributeType>rgba</AttributeType><IsRequired>true</IsRequired><Value i:type="a:ArrayOfdouble" xmlns:a="http://schemas.microsoft.com/2003/10/Serialization/Arrays"><a:double>1</a:double><a:double>1</a:double><a:double>1</a:double><a:double>1</a:double></Value></Attribute></Attributes><ChildElements/><ElementName>color</ElementName><required>false</required><RGBAAttribute z:Ref="i361"/></URDFElement><URDFElement z:Id="i362" i:type="Texture"><Attributes><Attribute z:Id="i363"><AttributeType>filename</AttributeType><IsRequired>true</IsRequired><Value i:nil="true"/></Attribute></Attributes><ChildElements/><ElementName>texture</ElementName><required>false</required><FilenameAttribute z:Ref="i363"/><wFilename/></URDFElement></ChildElements><ElementName>material</ElementName><required>false</required><Color z:Ref="i360"/><NameAttribute z:Ref="i359"/><Texture z:Ref="i362"/></URDFElement></ChildElements><ElementName>visual</ElementName><required>false</required><Geometry z:Ref="i355"/><Material z:Ref="i358"/><Origin z:Ref="i352"/></URDFElement><URDFElement z:Id="i364" i:type="Collision"><Attributes/><ChildElements><URDFElement z:Id="i365" i:type="Origin"><Attributes><Attribute z:Id="i366"><AttributeType>xyz</AttributeType><IsRequired>true</IsRequired><Value i:type="a:ArrayOfdouble" xmlns:a="http://schemas.microsoft.com/2003/10/Serialization/Arrays"><a:double>0</a:double><a:double>0</a:double><a:double>0</a:double></Value></Attribute><Attribute z:Id="i367"><AttributeType>rpy</AttributeType><IsRequired>true</IsRequired><Value i:type="a:ArrayOfdouble" xmlns:a="http://schemas.microsoft.com/2003/10/Serialization/Arrays"><a:double>0</a:double><a:double>0</a:double><a:double>0</a:double></Value></Attribute></Attributes><ChildElements/><ElementName>origin</ElementName><required>false</required><RPYAttribute z:Ref="i367"/><XYZAttribute z:Ref="i366"/><isCustomized>false</isCustomized></URDFElement><URDFElement z:Id="i368" i:type="Geometry"><Attributes/><ChildElements><URDFElement z:Id="i369" i:type="Mesh"><Attributes><Attribute z:Id="i370"><AttributeType>filename</AttributeType><IsRequired>true</IsRequired><Value i:nil="true"/></Attribute></Attributes><ChildElements/><ElementName>mesh</ElementName><required>false</required><FilenameAttribute z:Ref="i370"/></URDFElement></ChildElements><ElementName>geometry</ElementName><required>true</required><Mesh z:Ref="i369"/></URDFElement></ChildElements><ElementName>collision</ElementName><required>false</required><Geometry z:Ref="i368"/><Origin z:Ref="i365"/></URDFElement><URDFElement z:Id="i371" i:type="Joint"><Attributes><Attribute z:Id="i372"><AttributeType>name</AttributeType><IsRequired>true</IsRequired><Value i:type="a:string" xmlns:a="http://www.w3.org/2001/XMLSchema">wrist_roll</Value></Attribute><Attribute z:Id="i373"><AttributeType>type</AttributeType><IsRequired>true</IsRequired><Value i:type="a:string" xmlns:a="http://www.w3.org/2001/XMLSchema">revolute</Value></Attribute></Attributes><ChildElements><URDFElement z:Id="i374" i:type="Origin"><Attributes><Attribute z:Id="i375"><AttributeType>xyz</AttributeType><IsRequired>true</IsRequired><Value i:type="a:ArrayOfdouble" xmlns:a="http://schemas.microsoft.com/2003/10/Serialization/Arrays"><a:double>0</a:double><a:double>0</a:double><a:double>0</a:double></Value></Attribute><Attribute z:Id="i376"><AttributeType>rpy</AttributeType><IsRequired>true</IsRequired><Value i:type="a:ArrayOfdouble" xmlns:a="http://schemas.microsoft.com/2003/10/Serialization/Arrays"><a:double>0</a:double><a:double>0</a:double><a:double>0</a:double></Value></Attribute></Attributes><ChildElements/><ElementName>origin</ElementName><required>false</required><RPYAttribute z:Ref="i376"/><XYZAttribute z:Ref="i375"/><isCustomized>false</isCustomized></URDFElement><URDFElement z:Id="i377" i:type="ParentLink"><Attributes><Attribute z:Id="i378"><AttributeType>link</AttributeType><IsRequired>true</IsRequired><Value i:type="a:string" xmlns:a="http://www.w3.org/2001/XMLSchema"/></Attribute></Attributes><ChildElements/><ElementName>parent</ElementName><required>true</required><NameAttribute z:Ref="i378"/></URDFElement><URDFElement z:Id="i379" i:type="ChildLink"><Attributes><Attribute z:Id="i380"><AttributeType>link</AttributeType><IsRequired>true</IsRequired><Value i:type="a:string" xmlns:a="http://www.w3.org/2001/XMLSchema"/></Attribute></Attributes><ChildElements/><ElementName>child</ElementName><required>true</required><NameAttribute z:Ref="i380"/></URDFElement><URDFElement z:Id="i381" i:type="Axis"><Attributes><Attribute z:Id="i382"><AttributeType>xyz</AttributeType><IsRequired>true</IsRequired><Value i:type="a:ArrayOfdouble" xmlns:a="http://schemas.microsoft.com/2003/10/Serialization/Arrays"><a:double>0</a:double><a:double>0</a:double><a:double>0</a:double></Value></Attribute></Attributes><ChildElements/><ElementName>axis</ElementName><required>false</required><XYZAttribute z:Ref="i382"/></URDFElement><URDFElement z:Id="i383" i:type="Limit"><Attributes><Attribute z:Id="i384"><AttributeType>lower</AttributeType><IsRequired>false</IsRequired><Value i:nil="true"/></Attribute><Attribute z:Id="i385"><AttributeType>upper</AttributeType><IsRequired>false</IsRequired><Value i:nil="true"/></Attribute><Attribute z:Id="i386"><AttributeType>effort</AttributeType><IsRequired>true</IsRequired><Value i:nil="true"/></Attribute><Attribute z:Id="i387"><AttributeType>velocity</AttributeType><IsRequired>true</IsRequired><Value i:nil="true"/></Attribute></Attributes><ChildElements/><ElementName>limit</ElementName><required>false</required><EffortAttribute z:Ref="i386"/><LowerAttribute z:Ref="i384"/><UpperAttribute z:Ref="i385"/><VelocityAttribute z:Ref="i387"/></URDFElement><URDFElement z:Id="i388" i:type="Calibration"><Attributes><Attribute z:Id="i389"><AttributeType>rising</AttributeType><IsRequired>false</IsRequired><Value i:nil="true"/></Attribute><Attribute z:Id="i390"><AttributeType>falling</AttributeType><IsRequired>false</IsRequired><Value i:nil="true"/></Attribute></Attributes><ChildElements/><ElementName>calibration</ElementName><required>false</required><FallingAttribute z:Ref="i390"/><RisingAttribute z:Ref="i389"/></URDFElement><URDFElement z:Id="i391" i:type="Dynamics"><Attributes><Attribute z:Id="i392"><AttributeType>damping</AttributeType><IsRequired>false</IsRequired><Value i:nil="true"/></Attribute><Attribute z:Id="i393"><AttributeType>friction</AttributeType><IsRequired>false</IsRequired><Value i:nil="true"/></Attribute></Attributes><ChildElements/><ElementName>dynamics</ElementName><required>false</required><DampingAttribute z:Ref="i392"/><FrictionAttribute z:Ref="i393"/></URDFElement><URDFElement z:Id="i394" i:type="SafetyController"><Attributes><Attribute z:Id="i395"><AttributeType>soft_upper_limit</AttributeType><IsRequired>false</IsRequired><Value i:nil="true"/></Attribute><Attribute z:Id="i396"><AttributeType>soft_lower_limit</AttributeType><IsRequired>false</IsRequired><Value i:nil="true"/></Attribute><Attribute z:Id="i397"><AttributeType>k_position</AttributeType><IsRequired>false</IsRequired><Value i:nil="true"/></Attribute><Attribute z:Id="i398"><AttributeType>k_velocity</AttributeType><IsRequired>true</IsRequired><Value i:nil="true"/></Attribute></Attributes><ChildElements/><ElementName>safety_controller</ElementName><required>false</required><KPositionAttribute z:Ref="i397"/><KVelocityAttribute z:Ref="i398"/><SoftLowerAttribute z:Ref="i396"/><SoftUpperAttribute z:Ref="i395"/></URDFElement><URDFElement z:Id="i399" i:type="Mimic"><Attributes><Attribute z:Id="i400"><AttributeType>joint</AttributeType><IsRequired>true</IsRequired><Value i:nil="true"/></Attribute><Attribute z:Id="i401"><AttributeType>multiplier</AttributeType><IsRequired>false</IsRequired><Value i:nil="true"/></Attribute><Attribute z:Id="i402"><AttributeType>offset</AttributeType><IsRequired>false</IsRequired><Value i:nil="true"/></Attribute></Attributes><ChildElements/><ElementName>mimic</ElementName><required>false</required><JointNameAttribute z:Ref="i400"/><MultiplierAttribute z:Ref="i401"/><OffsetAttribute z:Ref="i402"/></URDFElement></ChildElements><ElementName>joint</ElementName><required>false</required><Axis z:Ref="i381"/><AxisName>J5-axis</AxisName><Calibration z:Ref="i388"/><Child z:Ref="i379"/><CoordinateSystemName>Automatically Generate</CoordinateSystemName><Dynamics z:Ref="i391"/><Limit z:Ref="i383"/><Mimic z:Ref="i399"/><NameAttribute z:Ref="i372"/><Origin z:Ref="i374"/><Parent z:Ref="i377"/><Safety z:Ref="i394"/><TypeAttribute z:Ref="i373"/></URDFElement></ChildElements><ElementName>link</ElementName><required>true</required><Children><Link z:Id="i403"><Attributes><Attribute z:Id="i404"><AttributeType>name</AttributeType><IsRequired>true</IsRequired><Value i:type="a:string" xmlns:a="http://www.w3.org/2001/XMLSchema">end_effector</Value></Attribute></Attributes><ChildElements><URDFElement z:Id="i405" i:type="Inertial"><Attributes/><ChildElements><URDFElement z:Id="i406" i:type="Origin"><Attributes><Attribute z:Id="i407"><AttributeType>xyz</AttributeType><IsRequired>true</IsRequired><Value i:type="a:ArrayOfdouble" xmlns:a="http://schemas.microsoft.com/2003/10/Serialization/Arrays"><a:double>0</a:double><a:double>0</a:double><a:double>0</a:double></Value></Attribute><Attribute z:Id="i408"><AttributeType>rpy</AttributeType><IsRequired>true</IsRequired><Value i:type="a:ArrayOfdouble" xmlns:a="http://schemas.microsoft.com/2003/10/Serialization/Arrays"><a:double>0</a:double><a:double>0</a:double><a:double>0</a:double></Value></Attribute></Attributes><ChildElements/><ElementName>origin</ElementName><required>false</required><RPYAttribute z:Ref="i408"/><XYZAttribute z:Ref="i407"/><isCustomized>false</isCustomized></URDFElement><URDFElement z:Id="i409" i:type="Mass"><Attributes><Attribute z:Id="i410"><AttributeType>value</AttributeType><IsRequired>true</IsRequired><Value i:type="a:double" xmlns:a="http://www.w3.org/2001/XMLSchema">0</Value></Attribute></Attributes><ChildElements/><ElementName>mass</ElementName><required>false</required><ValueAttribute z:Ref="i410"/></URDFElement><URDFElement z:Id="i411" i:type="Inertia"><Attributes><Attribute z:Id="i412"><AttributeType>ixx</AttributeType><IsRequired>true</IsRequired><Value i:type="a:double" xmlns:a="http://www.w3.org/2001/XMLSchema">0</Value></Attribute><Attribute z:Id="i413"><AttributeType>ixy</AttributeType><IsRequired>true</IsRequired><Value i:type="a:double" xmlns:a="http://www.w3.org/2001/XMLSchema">0</Value></Attribute><Attribute z:Id="i414"><AttributeType>ixz</AttributeType><IsRequired>true</IsRequired><Value i:type="a:double" xmlns:a="http://www.w3.org/2001/XMLSchema">0</Value></Attribute><Attribute z:Id="i415"><AttributeType>iyy</AttributeType><IsRequired>true</IsRequired><Value i:type="a:double" xmlns:a="http://www.w3.org/2001/XMLSchema">0</Value></Attribute><Attribute z:Id="i416"><AttributeType>iyz</AttributeType><IsRequired>true</IsRequired><Value i:type="a:double" xmlns:a="http://www.w3.org/2001/XMLSchema">0</Value></Attribute><Attribute z:Id="i417"><AttributeType>izz</AttributeType><IsRequired>true</IsRequired><Value i:type="a:double" xmlns:a="http://www.w3.org/2001/XMLSchema">0</Value></Attribute></Attributes><ChildElements/><ElementName>inertia</ElementName><required>false</required><IxxAttribute z:Ref="i412"/><IxyAttribute z:Ref="i413"/><IxzAttribute z:Ref="i414"/><IyyAttribute z:Ref="i415"/><IyzAttribute z:Ref="i416"/><IzzAttribute z:Ref="i417"/></URDFElement></ChildElements><ElementName>inertial</ElementName><required>false</required><Inertia z:Ref="i411"/><Mass z:Ref="i409"/><Origin z:Ref="i406"/></URDFElement><URDFElement z:Id="i418" i:type="Visual"><Attributes/><ChildElements><URDFElement z:Id="i419" i:type="Origin"><Attributes><Attribute z:Id="i420"><AttributeType>xyz</AttributeType><IsRequired>true</IsRequired><Value i:type="a:ArrayOfdouble" xmlns:a="http://schemas.microsoft.com/2003/10/Serialization/Arrays"><a:double>0</a:double><a:double>0</a:double><a:double>0</a:double></Value></Attribute><Attribute z:Id="i421"><AttributeType>rpy</AttributeType><IsRequired>true</IsRequired><Value i:type="a:ArrayOfdouble" xmlns:a="http://schemas.microsoft.com/2003/10/Serialization/Arrays"><a:double>0</a:double><a:double>0</a:double><a:double>0</a:double></Value></Attribute></Attributes><ChildElements/><ElementName>origin</ElementName><required>false</required><RPYAttribute z:Ref="i421"/><XYZAttribute z:Ref="i420"/><isCustomized>false</isCustomized></URDFElement><URDFElement z:Id="i422" i:type="Geometry"><Attributes/><ChildElements><URDFElement z:Id="i423" i:type="Mesh"><Attributes><Attribute z:Id="i424"><AttributeType>filename</AttributeType><IsRequired>true</IsRequired><Value i:nil="true"/></Attribute></Attributes><ChildElements/><ElementName>mesh</ElementName><required>false</required><FilenameAttribute z:Ref="i424"/></URDFElement></ChildElements><ElementName>geometry</ElementName><required>true</required><Mesh z:Ref="i423"/></URDFElement><URDFElement z:Id="i425" i:type="Material"><Attributes><Attribute z:Id="i426"><AttributeType>name</AttributeType><IsRequired>true</IsRequired><Value i:type="a:string" xmlns:a="http://www.w3.org/2001/XMLSchema"/></Attribute></Attributes><ChildElements><URDFElement z:Id="i427" i:type="Color"><Attributes><Attribute z:Id="i428"><AttributeType>rgba</AttributeType><IsRequired>true</IsRequired><Value i:type="a:ArrayOfdouble" xmlns:a="http://schemas.microsoft.com/2003/10/Serialization/Arrays"><a:double>1</a:double><a:double>1</a:double><a:double>1</a:double><a:double>1</a:double></Value></Attribute></Attributes><ChildElements/><ElementName>color</ElementName><required>false</required><RGBAAttribute z:Ref="i428"/></URDFElement><URDFElement z:Id="i429" i:type="Texture"><Attributes><Attribute z:Id="i430"><AttributeType>filename</AttributeType><IsRequired>true</IsRequired><Value i:nil="true"/></Attribute></Attributes><ChildElements/><ElementName>texture</ElementName><required>false</required><FilenameAttribute z:Ref="i430"/><wFilename/></URDFElement></ChildElements><ElementName>material</ElementName><required>false</required><Color z:Ref="i427"/><NameAttribute z:Ref="i426"/><Texture z:Ref="i429"/></URDFElement></ChildElements><ElementName>visual</ElementName><required>false</required><Geometry z:Ref="i422"/><Material z:Ref="i425"/><Origin z:Ref="i419"/></URDFElement><URDFElement z:Id="i431" i:type="Collision"><Attributes/><ChildElements><URDFElement z:Id="i432" i:type="Origin"><Attributes><Attribute z:Id="i433"><AttributeType>xyz</AttributeType><IsRequired>true</IsRequired><Value i:type="a:ArrayOfdouble" xmlns:a="http://schemas.microsoft.com/2003/10/Serialization/Arrays"><a:double>0</a:double><a:double>0</a:double><a:double>0</a:double></Value></Attribute><Attribute z:Id="i434"><AttributeType>rpy</AttributeType><IsRequired>true</IsRequired><Value i:type="a:ArrayOfdouble" xmlns:a="http://schemas.microsoft.com/2003/10/Serialization/Arrays"><a:double>0</a:double><a:double>0</a:double><a:double>0</a:double></Value></Attribute></Attributes><ChildElements/><ElementName>origin</ElementName><required>false</required><RPYAttribute z:Ref="i434"/><XYZAttribute z:Ref="i433"/><isCustomized>false</isCustomized></URDFElement><URDFElement z:Id="i435" i:type="Geometry"><Attributes/><ChildElements><URDFElement z:Id="i436" i:type="Mesh"><Attributes><Attribute z:Id="i437"><AttributeType>filename</AttributeType><IsRequired>true</IsRequired><Value i:nil="true"/></Attribute></Attributes><ChildElements/><ElementName>mesh</ElementName><required>false</required><FilenameAttribute z:Ref="i437"/></URDFElement></ChildElements><ElementName>geometry</ElementName><required>true</required><Mesh z:Ref="i436"/></URDFElement></ChildElements><ElementName>collision</ElementName><required>false</required><Geometry z:Ref="i435"/><Origin z:Ref="i432"/></URDFElement><URDFElement z:Id="i438" i:type="Joint"><Attributes><Attribute z:Id="i439"><AttributeType>name</AttributeType><IsRequired>true</IsRequired><Value i:type="a:string" xmlns:a="http://www.w3.org/2001/XMLSchema">gripper</Value></Attribute><Attribute z:Id="i440"><AttributeType>type</AttributeType><IsRequired>true</IsRequired><Value i:type="a:string" xmlns:a="http://www.w3.org/2001/XMLSchema">fixed</Value></Attribute></Attributes><ChildElements><URDFElement z:Id="i441" i:type="Origin"><Attributes><Attribute z:Id="i442"><AttributeType>xyz</AttributeType><IsRequired>true</IsRequired><Value i:type="a:ArrayOfdouble" xmlns:a="http://schemas.microsoft.com/2003/10/Serialization/Arrays"><a:double>0</a:double><a:double>0</a:double><a:double>0</a:double></Value></Attribute><Attribute z:Id="i443"><AttributeType>rpy</AttributeType><IsRequired>true</IsRequired><Value i:type="a:ArrayOfdouble" xmlns:a="http://schemas.microsoft.com/2003/10/Serialization/Arrays"><a:double>0</a:double><a:double>0</a:double><a:double>0</a:double></Value></Attribute></Attributes><ChildElements/><ElementName>origin</ElementName><required>false</required><RPYAttribute z:Ref="i443"/><XYZAttribute z:Ref="i442"/><isCustomized>false</isCustomized></URDFElement><URDFElement z:Id="i444" i:type="ParentLink"><Attributes><Attribute z:Id="i445"><AttributeType>link</AttributeType><IsRequired>true</IsRequired><Value i:type="a:string" xmlns:a="http://www.w3.org/2001/XMLSchema"/></Attribute></Attributes><ChildElements/><ElementName>parent</ElementName><required>true</required><NameAttribute z:Ref="i445"/></URDFElement><URDFElement z:Id="i446" i:type="ChildLink"><Attributes><Attribute z:Id="i447"><AttributeType>link</AttributeType><IsRequired>true</IsRequired><Value i:type="a:string" xmlns:a="http://www.w3.org/2001/XMLSchema"/></Attribute></Attributes><ChildElements/><ElementName>child</ElementName><required>true</required><NameAttribute z:Ref="i447"/></URDFElement><URDFElement z:Id="i448" i:type="Axis"><Attributes><Attribute z:Id="i449"><AttributeType>xyz</AttributeType><IsRequired>true</IsRequired><Value i:type="a:ArrayOfdouble" xmlns:a="http://schemas.microsoft.com/2003/10/Serialization/Arrays"><a:double>0</a:double><a:double>0</a:double><a:double>0</a:double></Value></Attribute></Attributes><ChildElements/><ElementName>axis</ElementName><required>false</required><XYZAttribute z:Ref="i449"/></URDFElement><URDFElement z:Id="i450" i:type="Limit"><Attributes><Attribute z:Id="i451"><AttributeType>lower</AttributeType><IsRequired>false</IsRequired><Value i:nil="true"/></Attribute><Attribute z:Id="i452"><AttributeType>upper</AttributeType><IsRequired>false</IsRequired><Value i:nil="true"/></Attribute><Attribute z:Id="i453"><AttributeType>effort</AttributeType><IsRequired>true</IsRequired><Value i:nil="true"/></Attribute><Attribute z:Id="i454"><AttributeType>velocity</AttributeType><IsRequired>true</IsRequired><Value i:nil="true"/></Attribute></Attributes><ChildElements/><ElementName>limit</ElementName><required>false</required><EffortAttribute z:Ref="i453"/><LowerAttribute z:Ref="i451"/><UpperAttribute z:Ref="i452"/><VelocityAttribute z:Ref="i454"/></URDFElement><URDFElement z:Id="i455" i:type="Calibration"><Attributes><Attribute z:Id="i456"><AttributeType>rising</AttributeType><IsRequired>false</IsRequired><Value i:nil="true"/></Attribute><Attribute z:Id="i457"><AttributeType>falling</AttributeType><IsRequired>false</IsRequired><Value i:nil="true"/></Attribute></Attributes><ChildElements/><ElementName>calibration</ElementName><required>false</required><FallingAttribute z:Ref="i457"/><RisingAttribute z:Ref="i456"/></URDFElement><URDFElement z:Id="i458" i:type="Dynamics"><Attributes><Attribute z:Id="i459"><AttributeType>damping</AttributeType><IsRequired>false</IsRequired><Value i:nil="true"/></Attribute><Attribute z:Id="i460"><AttributeType>friction</AttributeType><IsRequired>false</IsRequired><Value i:nil="true"/></Attribute></Attributes><ChildElements/><ElementName>dynamics</ElementName><required>false</required><DampingAttribute z:Ref="i459"/><FrictionAttribute z:Ref="i460"/></URDFElement><URDFElement z:Id="i461" i:type="SafetyController"><Attributes><Attribute z:Id="i462"><AttributeType>soft_upper_limit</AttributeType><IsRequired>false</IsRequired><Value i:nil="true"/></Attribute><Attribute z:Id="i463"><AttributeType>soft_lower_limit</AttributeType><IsRequired>false</IsRequired><Value i:nil="true"/></Attribute><Attribute z:Id="i464"><AttributeType>k_position</AttributeType><IsRequired>false</IsRequired><Value i:nil="true"/></Attribute><Attribute z:Id="i465"><AttributeType>k_velocity</AttributeType><IsRequired>true</IsRequired><Value i:nil="true"/></Attribute></Attributes><ChildElements/><ElementName>safety_controller</ElementName><required>false</required><KPositionAttribute z:Ref="i464"/><KVelocityAttribute z:Ref="i465"/><SoftLowerAttribute z:Ref="i463"/><SoftUpperAttribute z:Ref="i462"/></URDFElement><URDFElement z:Id="i466" i:type="Mimic"><Attributes><Attribute z:Id="i467"><AttributeType>joint</AttributeType><IsRequired>true</IsRequired><Value i:nil="true"/></Attribute><Attribute z:Id="i468"><AttributeType>multiplier</AttributeType><IsRequired>false</IsRequired><Value i:nil="true"/></Attribute><Attribute z:Id="i469"><AttributeType>offset</AttributeType><IsRequired>false</IsRequired><Value i:nil="true"/></Attribute></Attributes><ChildElements/><ElementName>mimic</ElementName><required>false</required><JointNameAttribute z:Ref="i467"/><MultiplierAttribute z:Ref="i468"/><OffsetAttribute z:Ref="i469"/></URDFElement></ChildElements><ElementName>joint</ElementName><required>false</required><Axis z:Ref="i448"/><AxisName>Automatically Generate</AxisName><Calibration z:Ref="i455"/><Child z:Ref="i446"/><CoordinateSystemName>Automatically Generate</CoordinateSystemName><Dynamics z:Ref="i458"/><Limit z:Ref="i450"/><Mimic z:Ref="i466"/><NameAttribute z:Ref="i439"/><Origin z:Ref="i441"/><Parent z:Ref="i444"/><Safety z:Ref="i461"/><TypeAttribute z:Ref="i440"/></URDFElement></ChildElements><ElementName>link</ElementName><required>true</required><Children/><Collision z:Ref="i431"/><Inertial z:Ref="i405"/><Joint z:Ref="i438"/><NameAttribute z:Ref="i404"/><Parent z:Ref="i336"/><STLQualityFine>false</STLQualityFine><SWComponentPIDs xmlns:a="http://schemas.microsoft.com/2003/10/Serialization/Arrays"><a:base64Binary>UEYAAAUAAAD//v8oYwBhAG0AZQByAGEAKwBnAHIAaQBwAHAAZQByACsAYwBvAG4AbgBlAGMAdABvAHIALQAxAEAANQAtAEQATwBGAF8AQQByAG0AXwBBAFMAWQAEAAAAEAAAAAEAAAABAAAAXQAAAA==</a:base64Binary></SWComponentPIDs><SWMainComponentPID i:nil="true"/><Visual z:Ref="i418"/><isFixedFrame>false</isFixedFrame><isIncomplete>false</isIncomplete></Link></Children><Collision z:Ref="i364"/><Inertial z:Ref="i338"/><Joint z:Ref="i371"/><NameAttribute z:Ref="i337"/><Parent z:Ref="i269"/><STLQualityFine>false</STLQualityFine><SWComponentPIDs xmlns:a="http://schemas.microsoft.com/2003/10/Serialization/Arrays"><a:base64Binary>UEYAAAUAAAD//v8iRwBJAE0AMwA1ADAANQAtADgALQAzAEQALQBNAG8AZABlAGwALQAyAEAANQAtAEQATwBGAF8AQQByAG0AXwBBAFMAWQAEAAAAEAAAAAEAAAABAAAATgAAAA==</a:base64Binary></SWComponentPIDs><SWMainComponentPID i:nil="true"/><Visual z:Ref="i351"/><isFixedFrame>false</isFixedFrame><isIncomplete>false</isIncomplete></Link></Children><Collision z:Ref="i297"/><Inertial z:Ref="i271"/><Joint z:Ref="i304"/><NameAttribute z:Ref="i270"/><Parent z:Ref="i202"/><STLQualityFine>false</STLQualityFine><SWComponentPIDs xmlns:a="http://schemas.microsoft.com/2003/10/Serialization/Arrays"><a:base64Binary>UEYAAAUAAAD//v8eagA1AF8AYwBvAG4AbgBlAGMAdABvAHIAXwAyAC0AMQBAADUALQBEAE8ARgBfAEEAcgBtAF8AQQBTAFkABAAAABAAAAABAAAAAQAAADkAAAA=</a:base64Binary><a:base64Binary>UEYAAAUAAAD//v8ZbQBvAHQAZQB1AHMAXwBjADEALQAyAEAANQAtAEQATwBGAF8AQQByAG0AXwBBAFMAWQAEAAAAEAAAAAEAAAABAAAAPgAAAA==</a:base64Binary><a:base64Binary>UEYAAAUAAAD//v8eagA1AF8AYwBvAG4AbgBlAGMAdABvAHIAXwAxAC0AMQBAADUALQBEAE8ARgBfAEEAcgBtAF8AQQBTAFkABAAAABAAAAABAAAAAQAAAFIAAAA=</a:base64Binary><a:base64Binary>UEYAAAUAAAD//v8mYwBhAHIAYgBvAG4AXwBmAGkAYgBlAHIAXwB0AHUAYgBlAF8AagA0AGoANQAtADEAQAA1AC0ARABPAEYAXwBBAHIAbQBfAEEAUwBZAAQAAAAQAAAAAQAAAAEAAABWAAAA</a:base64Binary><a:base64Binary>UEYAAAUAAAD//v8iRwBJAE0AMwA1ADAANQAtADgALQAzAEQALQBNAG8AZABlAGwALQAxAEAANQAtAEQATwBGAF8AQQByAG0AXwBBAFMAWQAEAAAAEAAAAAEAAAABAAAATQAAAA==</a:base64Binary></SWComponentPIDs><SWMainComponentPID i:nil="true"/><Visual z:Ref="i284"/><isFixedFrame>false</isFixedFrame><isIncomplete>false</isIncomplete></Link></Children><Collision z:Ref="i230"/><Inertial z:Ref="i204"/><Joint z:Ref="i237"/><NameAttribute z:Ref="i203"/><Parent z:Ref="i135"/><STLQualityFine>false</STLQualityFine><SWComponentPIDs xmlns:a="http://schemas.microsoft.com/2003/10/Serialization/Arrays"><a:base64Binary>UEYAAAUAAAD//v8yMQA1AC0AZABpAHMAawArAG8AdQB0AHAAdQB0ACsAcgBvAGwAbABlAHIAcwArAGYAbABhAG4AZwBlAHMAXwBBAFMAWQAtADEAQAA1AC0ARABPAEYAXwBBAHIAbQBfAEEAUwBZAAQAAAAQAAAAAQAAAAEAAACEAAAA</a:base64Binary><a:base64Binary>UEYAAAUAAAD//v8cagA0AF8AYwBvAG4AbgBlAGMAdABvAHIALQAxAEAANQAtAEQATwBGAF8AQQByAG0AXwBBAFMAWQAEAAAAEAAAAAEAAAABAAAAOAAAAA==</a:base64Binary><a:base64Binary>UEYAAAUAAAD//v8ZbQBvAHQAZQB1AHMAXwBjADEALQAxAEAANQAtAEQATwBGAF8AQQByAG0AXwBBAFMAWQAEAAAAEAAAAAEAAAABAAAAPQAAAA==</a:base64Binary></SWComponentPIDs><SWMainComponentPID i:nil="true"/><Visual z:Ref="i217"/><isFixedFrame>false</isFixedFrame><isIncomplete>false</isIncomplete></Link></Children><Collision z:Ref="i163"/><Inertial z:Ref="i137"/><Joint z:Ref="i170"/><NameAttribute z:Ref="i136"/><Parent z:Ref="i68"/><STLQualityFine>false</STLQualityFine><SWComponentPIDs xmlns:a="http://schemas.microsoft.com/2003/10/Serialization/Arrays"><a:base64Binary>UEYAAAUAAAD//v8edAB1AGIAZQBfAGMAbwBuAG4AZQBjAHQAbwByAC0AMQBAADUALQBEAE8ARgBfAEEAcgBtAF8AQQBTAFkABAAAABAAAAABAAAAAQAAAC8AAAA=</a:base64Binary><a:base64Binary>UEYAAAUAAAD//v8dcwBoAG8AdQBsAGQAZQByAF8AYgBvAGwAdAAtADIAQAA1AC0ARABPAEYAXwBBAHIAbQBfAEEAUwBZAAQAAAAQAAAAAQAAAAEAAACMAAAA</a:base64Binary><a:base64Binary>UEYAAAUAAAD//v8qMwAwAC0AZABpAHMAawArAG8AdQB0AHAAdQB0ACsAcgBvAGwAbABlAHIAcwBfAEEAUwBZAC0AMQBAADUALQBEAE8ARgBfAEEAcgBtAF8AQQBTAFkABAAAABAAAAABAAAAAQAAAOsAAAA=</a:base64Binary><a:base64Binary>UEYAAAUAAAD//v8gMwAwAC0AbwB1AHQAcAB1AHQAXwBmAGwAYQBuAGcAZQAtADEAQAA1AC0ARABPAEYAXwBBAHIAbQBfAEEAUwBZAAQAAAAQAAAAAQAAAAEAAADsAAAA</a:base64Binary><a:base64Binary>UEYAAAUAAAD//v8gMwAwAC0AbwB1AHQAcAB1AHQAXwBmAGwAYQBuAGcAZQAtADIAQAA1AC0ARABPAEYAXwBBAHIAbQBfAEEAUwBZAAQAAAAQAAAAAQAAAAEAAADtAAAA</a:base64Binary><a:base64Binary>UEYAAAUAAAD//v8hMwAwAC0AYQB0AHQAYQBjAGgAbQBlAG4AdABfAEEAUwBZAC0AMQBAADUALQBEAE8ARgBfAEEAcgBtAF8AQQBTAFkABAAAABAAAAABAAAAAQAAACUAAAA=</a:base64Binary><a:base64Binary>UEYAAAUAAAD//v8eMQA1AC0AbQBpAGQAZABsAGUAXwB3AGEAbABsAC0AMQBAADUALQBEAE8ARgBfAEEAcgBtAF8AQQBTAFkABAAAABAAAAABAAAAAQAAAIUAAAA=</a:base64Binary><a:base64Binary>UEYAAAUAAAD//v8hYwBhAHIAYgBvAG4AXwBmAGkAYgBlAHIAXwB0AHUAYgBlAC0AMQBAADUALQBEAE8ARgBfAEEAcgBtAF8AQQBTAFkABAAAABAAAAABAAAAAQAAACoAAAA=</a:base64Binary><a:base64Binary>UEYAAAUAAAD//v8eMQA1AC0AbwB1AHQAcAB1AHQAXwB3AGEAbABsAC0AMQBAADUALQBEAE8ARgBfAEEAcgBtAF8AQQBTAFkABAAAABAAAAABAAAAAQAAAIYAAAA=</a:base64Binary><a:base64Binary>UEYAAAUAAAD//v8eMQA1AC0AbwB1AHQAcAB1AHQAXwB3AGEAbABsAC0AMgBAADUALQBEAE8ARgBfAEEAcgBtAF8AQQBTAFkABAAAABAAAAABAAAAAQAAAIcAAAA=</a:base64Binary><a:base64Binary>UEYAAAUAAAD//v8dcwBoAG8AdQBsAGQAZQByAF8AYgBvAGwAdAAtADEAQAA1AC0ARABPAEYAXwBBAHIAbQBfAEEAUwBZAAQAAAAQAAAAAQAAAAEAAACIAAAA</a:base64Binary><a:base64Binary>UEYAAAUAAAD//v8sMQA1AC0AbQBvAHQAbwByACsAaABvAHUAcwBpAG4AZwArAGMAbwB1AHAAbABlAHIAXwBBAFMAWQAtADEAQAA1AC0ARABPAEYAXwBBAHIAbQBfAEEAUwBZAAQAAAAQAAAAAQAAAAEAAAB5AAAA</a:base64Binary><a:base64Binary>UEYAAAUAAAD//v8dcwBoAG8AdQBsAGQAZQByAF8AYgBvAGwAdAAtADMAQAA1AC0ARABPAEYAXwBBAHIAbQBfAEEAUwBZAAQAAAAQAAAAAQAAAAEAAACNAAAA</a:base64Binary><a:base64Binary>UEYAAAUAAAD//v8dcwBoAG8AdQBsAGQAZQByAF8AYgBvAGwAdAAtADQAQAA1AC0ARABPAEYAXwBBAHIAbQBfAEEAUwBZAAQAAAAQAAAAAQAAAAEAAACOAAAA</a:base64Binary><a:base64Binary>UEYAAAUAAAD//v8dcwBoAG8AdQBsAGQAZQByAF8AYgBvAGwAdAAtADUAQAA1AC0ARABPAEYAXwBBAHIAbQBfAEEAUwBZAAQAAAAQAAAAAQAAAAEAAACPAAAA</a:base64Binary><a:base64Binary>UEYAAAUAAAD//v8dcwBoAG8AdQBsAGQAZQByAF8AYgBvAGwAdAAtADYAQAA1AC0ARABPAEYAXwBBAHIAbQBfAEEAUwBZAAQAAAAQAAAAAQAAAAEAAACQAAAA</a:base64Binary></SWComponentPIDs><SWMainComponentPID i:nil="true"/><Visual z:Ref="i150"/><isFixedFrame>false</isFixedFrame><isIncomplete>false</isIncomplete></Link></Children><Collision z:Ref="i96"/><Inertial z:Ref="i70"/><Joint z:Ref="i103"/><NameAttribute z:Ref="i69"/><Parent z:Ref="i1"/><STLQualityFine>false</STLQualityFine><SWComponentPIDs xmlns:a="http://schemas.microsoft.com/2003/10/Serialization/Arrays"><a:base64Binary>UEYAAAUAAAD//v8yMQA1AC0AZABpAHMAawArAG8AdQB0AHAAdQB0ACsAcgBvAGwAbABlAHIAcwArAGYAbABhAG4AZwBlAHMAXwBBAFMAWQAtADIAQAA1AC0ARABPAEYAXwBBAHIAbQBfAEEAUwBZAAQAAAAQAAAAAQAAAAEAAAC1AAAA</a:base64Binary><a:base64Binary>UEYAAAUAAAD//v8cMQA1AC0ASgAxAC0AbwB1AHQAcAB1AHQALQAxAEAANQAtAEQATwBGAF8AQQByAG0AXwBBAFMAWQAEAAAAEAAAAAEAAAABAAAAHgAAAA==</a:base64Binary><a:base64Binary>UEYAAAUAAAD//v8eMwAwAC0AbQBpAGQAZABsAGUAXwB3AGEAbABsAC0AMQBAADUALQBEAE8ARgBfAEEAcgBtAF8AQQBTAFkABAAAABAAAAABAAAAAQAAAO4AAAA=</a:base64Binary><a:base64Binary>UEYAAAUAAAD//v8eMwAwAC0AbwB1AHQAcAB1AHQAXwB3AGEAbABsAC0AMQBAADUALQBEAE8ARgBfAEEAcgBtAF8AQQBTAFkABAAAABAAAAABAAAAAQAAAO8AAAA=</a:base64Binary><a:base64Binary>UEYAAAUAAAD//v8eMwAwAC0AbwB1AHQAcAB1AHQAXwB3AGEAbABsAC0AMgBAADUALQBEAE8ARgBfAEEAcgBtAF8AQQBTAFkABAAAABAAAAABAAAAAQAAAPAAAAA=</a:base64Binary><a:base64Binary>UEYAAAUAAAD//v8YYgBlAGEAcgBpAG4AZwBzAC0AMQBAADUALQBEAE8ARgBfAEEAcgBtAF8AQQBTAFkABAAAABAAAAABAAAAAQAAAPEAAAA=</a:base64Binary><a:base64Binary>UEYAAAUAAAD//v8YYgBlAGEAcgBpAG4AZwBzAC0AMgBAADUALQBEAE8ARgBfAEEAcgBtAF8AQQBTAFkABAAAABAAAAABAAAAAQAAAPIAAAA=</a:base64Binary><a:base64Binary>UEYAAAUAAAD//v8ecwBoAG8AdQBsAGQAZQByAF8AYgBvAGwAdAAtADEAMwBAADUALQBEAE8ARgBfAEEAcgBtAF8AQQBTAFkABAAAABAAAAABAAAAAQAAAPMAAAA=</a:base64Binary><a:base64Binary>UEYAAAUAAAD//v8sMwAwAC0AbQBvAHQAbwByACsAaABvAHUAcwBpAG4AZwArAGMAbwB1AHAAbABlAHIAXwBBAFMAWQAtADEAQAA1AC0ARABPAEYAXwBBAHIAbQBfAEEAUwBZAAQAAAAQAAAAAQAAAAEAAADhAAAA</a:base64Binary><a:base64Binary>UEYAAAUAAAD//v8ecwBoAG8AdQBsAGQAZQByAF8AYgBvAGwAdAAtADEANABAADUALQBEAE8ARgBfAEEAcgBtAF8AQQBTAFkABAAAABAAAAABAAAAAQAAAPcAAAA=</a:base64Binary><a:base64Binary>UEYAAAUAAAD//v8ecwBoAG8AdQBsAGQAZQByAF8AYgBvAGwAdAAtADEANQBAADUALQBEAE8ARgBfAEEAcgBtAF8AQQBTAFkABAAAABAAAAABAAAAAQAAAPgAAAA=</a:base64Binary><a:base64Binary>UEYAAAUAAAD//v8ecwBoAG8AdQBsAGQAZQByAF8AYgBvAGwAdAAtADEANgBAADUALQBEAE8ARgBfAEEAcgBtAF8AQQBTAFkABAAAABAAAAABAAAAAQAAAPkAAAA=</a:base64Binary><a:base64Binary>UEYAAAUAAAD//v8ecwBoAG8AdQBsAGQAZQByAF8AYgBvAGwAdAAtADEANwBAADUALQBEAE8ARgBfAEEAcgBtAF8AQQBTAFkABAAAABAAAAABAAAAAQAAAPoAAAA=</a:base64Binary><a:base64Binary>UEYAAAUAAAD//v8ecwBoAG8AdQBsAGQAZQByAF8AYgBvAGwAdAAtADEAOABAADUALQBEAE8ARgBfAEEAcgBtAF8AQQBTAFkABAAAABAAAAABAAAAAQAAAPsAAAA=</a:base64Binary><a:base64Binary>UEYAAAUAAAD//v8ecwBoAG8AdQBsAGQAZQByAF8AYgBvAGwAdAAtADEAOQBAADUALQBEAE8ARgBfAEEAcgBtAF8AQQBTAFkABAAAABAAAAABAAAAAQAAAPwAAAA=</a:base64Binary><a:base64Binary>UEYAAAUAAAD//v8ecwBoAG8AdQBsAGQAZQByAF8AYgBvAGwAdAAtADIAMABAADUALQBEAE8ARgBfAEEAcgBtAF8AQQBTAFkABAAAABAAAAABAAAAAQAAAP0AAAA=</a:base64Binary></SWComponentPIDs><SWMainComponentPID i:nil="true"/><Visual z:Ref="i83"/><isFixedFrame>false</isFixedFrame><isIncomplete>false</isIncomplete></Link></Children><Collision z:Ref="i29"/><Inertial z:Ref="i3"/><Joint z:Ref="i36"/><NameAttribute z:Ref="i2"/><Parent i:nil="true"/><STLQualityFine>false</STLQualityFine><SWComponentPIDs xmlns:a="http://schemas.microsoft.com/2003/10/Serialization/Arrays"><a:base64Binary>UEYAAAUAAAD//v8AAAAAAA==</a:base64Binary><a:base64Binary>UEYAAAUAAAD//v8cYgBhAHMAZQBfAHMAdQBwAHAAbwByAHQALQAxAEAANQAtAEQATwBGAF8AQQByAG0AXwBBAFMAWQAEAAAAEAAAAAEAAAABAAAAGAAAAA==</a:base64Binary><a:base64Binary>UEYAAAUAAAD//v8sMQA1AC0AbQBvAHQAbwByACsAaABvAHUAcwBpAG4AZwArAGMAbwB1AHAAbABlAHIAXwBBAFMAWQAtADIAQAA1AC0ARABPAEYAXwBBAHIAbQBfAEEAUwBZAAQAAAAQAAAAAQAAAAEAAACrAAAA</a:base64Binary><a:base64Binary>UEYAAAUAAAD//v8eMQA1AC0AbQBpAGQAZABsAGUAXwB3AGEAbABsAC0AMgBAADUALQBEAE8ARgBfAEEAcgBtAF8AQQBTAFkABAAAABAAAAABAAAAAQAAALYAAAA=</a:base64Binary><a:base64Binary>UEYAAAUAAAD//v8eMQA1AC0AbwB1AHQAcAB1AHQAXwB3AGEAbABsAC0AMwBAADUALQBEAE8ARgBfAEEAcgBtAF8AQQBTAFkABAAAABAAAAABAAAAAQAAALcAAAA=</a:base64Binary><a:base64Binary>UEYAAAUAAAD//v8eMQA1AC0AbwB1AHQAcAB1AHQAXwB3AGEAbABsAC0ANABAADUALQBEAE8ARgBfAEEAcgBtAF8AQQBTAFkABAAAABAAAAABAAAAAQAAALgAAAA=</a:base64Binary><a:base64Binary>UEYAAAUAAAD//v8dcwBoAG8AdQBsAGQAZQByAF8AYgBvAGwAdAAtADcAQAA1AC0ARABPAEYAXwBBAHIAbQBfAEEAUwBZAAQAAAAQAAAAAQAAAAEAAAC5AAAA</a:base64Binary><a:base64Binary>UEYAAAUAAAD//v8dcwBoAG8AdQBsAGQAZQByAF8AYgBvAGwAdAAtADgAQAA1AC0ARABPAEYAXwBBAHIAbQBfAEEAUwBZAAQAAAAQAAAAAQAAAAEAAAC9AAAA</a:base64Binary><a:base64Binary>UEYAAAUAAAD//v8dcwBoAG8AdQBsAGQAZQByAF8AYgBvAGwAdAAtADkAQAA1AC0ARABPAEYAXwBBAHIAbQBfAEEAUwBZAAQAAAAQAAAAAQAAAAEAAAC+AAAA</a:base64Binary><a:base64Binary>UEYAAAUAAAD//v8ecwBoAG8AdQBsAGQAZQByAF8AYgBvAGwAdAAtADEAMABAADUALQBEAE8ARgBfAEEAcgBtAF8AQQBTAFkABAAAABAAAAABAAAAAQAAAL8AAAA=</a:base64Binary><a:base64Binary>UEYAAAUAAAD//v8ecwBoAG8AdQBsAGQAZQByAF8AYgBvAGwAdAAtADEAMQBAADUALQBEAE8ARgBfAEEAcgBtAF8AQQBTAFkABAAAABAAAAABAAAAAQAAAMAAAAA=</a:base64Binary><a:base64Binary>UEYAAAUAAAD//v8ecwBoAG8AdQBsAGQAZQByAF8AYgBvAGwAdAAtADEAMgBAADUALQBEAE8ARgBfAEEAcgBtAF8AQQBTAFkABAAAABAAAAABAAAAAQAAAMEAAAA=</a:base64Binary></SWComponentPIDs><SWMainComponentPID i:nil="true"/><Visual z:Ref="i16"/><isFixedFrame>false</isFixedFrame><isIncomplete>false</isIncomplete></Link>
2026-09-25 17:48:43,263 INFO  AssemblyExportForm.cs: 309 - Saving URDF package to C:\Users\erico\Documents\GitHub\6-DOF-Arm\CAD\5-DOF Arm\URDF\5-DOF_Arm_ASY_URDF
2026-09-25 17:48:43,268 INFO  ExportHelper.cs: 147 - Beginning the export process
2026-09-25 17:48:43,268 INFO  ExportHelper.cs: 153 - Creating package directories with name 5-DOF_Arm_ASY_URDF and save path C:\Users\erico\Documents\GitHub\6-DOF-Arm\CAD\5-DOF Arm\URDF
2026-09-25 17:48:46,338 INFO  ExportHelper.cs: 162 - Creating CMakeLists.txt at C:\Users\erico\Documents\GitHub\6-DOF-Arm\CAD\5-DOF Arm\URDF\5-DOF_Arm_ASY_URDF\CMakeLists.txt
2026-09-25 17:48:46,392 INFO  ExportHelper.cs: 166 - Creating joint names config at C:\Users\erico\Documents\GitHub\6-DOF-Arm\CAD\5-DOF Arm\URDF\5-DOF_Arm_ASY_URDF\config\joint_names_5-DOF_Arm_ASY_URDF.yaml
2026-09-25 17:48:46,392 INFO  ExportHelper.cs: 170 - Creating package.xml at C:\Users\erico\Documents\GitHub\6-DOF-Arm\CAD\5-DOF Arm\URDF\5-DOF_Arm_ASY_URDF\package.xml
2026-09-25 17:48:46,392 INFO  PackageXMLWriter.cs: 21 - Creating package.xml at C:\Users\erico\Documents\GitHub\6-DOF-Arm\CAD\5-DOF Arm\URDF\5-DOF_Arm_ASY_URDF\package.xml
2026-09-25 17:48:46,406 INFO  ExportHelper.cs: 177 - Creating RVIZ launch file in C:\Users\erico\Documents\GitHub\6-DOF-Arm\CAD\5-DOF Arm\URDF\5-DOF_Arm_ASY_URDF\launch\
2026-09-25 17:48:46,413 INFO  ExportHelper.cs: 182 - Creating Gazebo launch file in C:\Users\erico\Documents\GitHub\6-DOF-Arm\CAD\5-DOF Arm\URDF\5-DOF_Arm_ASY_URDF\launch\
2026-09-25 17:48:46,413 INFO  ExportHelper.cs: 187 - Saving existing STL preferences
2026-09-25 17:48:46,413 INFO  ExportHelper.cs: 450 - Saving users preferences
2026-09-25 17:48:46,413 INFO  ExportHelper.cs: 190 - Modifying STL preferences
2026-09-25 17:48:46,421 INFO  ExportHelper.cs: 464 - Setting STL preferences
2026-09-25 17:48:46,446 INFO  ExportHelper.cs: 196 - Found 2 hidden components camera+gripper+connector-1/camera+gripper-1/RB9.01.062.000 Gripper.STEP-1/RB9.01.062.070 Camera holder_follower + camera.STEP-1, camera+gripper+connector-1/camera+gripper-1/RB9.01.062.000 Gripper.STEP-1/GC2093 2MP USB Camera Module_IMX335 5MP USB Camera.STEP-1
2026-09-25 17:48:46,446 INFO  ExportHelper.cs: 197 - Hiding all components
2026-09-25 17:48:49,361 INFO  ExportHelper.cs: 204 - Beginning individual files export
2026-09-25 17:48:49,371 INFO  ExportHelper.cs: 270 - Exporting link: base_link
2026-09-25 17:48:49,371 INFO  ExportHelper.cs: 272 - Link base_link has 1 children
2026-09-25 17:48:49,378 INFO  ExportHelper.cs: 270 - Exporting link: shoulder_link
2026-09-25 17:48:49,379 INFO  ExportHelper.cs: 272 - Link shoulder_link has 1 children
2026-09-25 17:48:49,379 INFO  ExportHelper.cs: 270 - Exporting link: upper_arm_link
2026-09-25 17:48:49,379 INFO  ExportHelper.cs: 272 - Link upper_arm_link has 1 children
2026-09-25 17:48:49,384 INFO  ExportHelper.cs: 270 - Exporting link: elbow_link
2026-09-25 17:48:49,384 INFO  ExportHelper.cs: 272 - Link elbow_link has 1 children
2026-09-25 17:48:49,390 INFO  ExportHelper.cs: 270 - Exporting link: forearm_link
2026-09-25 17:48:49,390 INFO  ExportHelper.cs: 272 - Link forearm_link has 1 children
2026-09-25 17:48:49,392 INFO  ExportHelper.cs: 270 - Exporting link: gripper_link
2026-09-25 17:48:49,393 INFO  ExportHelper.cs: 272 - Link gripper_link has 1 children
2026-09-25 17:48:49,393 INFO  ExportHelper.cs: 270 - Exporting link: end_effector
2026-09-25 17:48:49,397 INFO  ExportHelper.cs: 272 - Link end_effector has 0 children
2026-09-25 17:48:49,399 INFO  ExportHelper.cs: 317 - end_effector: Exporting STL with coordinate frame Origin_gripper
2026-09-25 17:48:49,401 INFO  ExportHelper.cs: 322 - end_effector: Reference geometry name 
2026-09-25 17:48:50,209 INFO  ExportHelper.cs: 330 - Saving STL to C:\Users\erico\Documents\GitHub\6-DOF-Arm\CAD\5-DOF Arm\URDF\5-DOF_Arm_ASY_URDF\meshes\end_effector.STL
2026-09-25 17:48:58,070 INFO  ExportHelper.cs: 405 - Removing SW header in STL file
2026-09-25 17:48:58,072 INFO  ExportHelper.cs: 317 - gripper_link: Exporting STL with coordinate frame Origin_wrist_roll
2026-09-25 17:48:58,072 INFO  ExportHelper.cs: 322 - gripper_link: Reference geometry name 
2026-09-25 17:48:58,446 INFO  ExportHelper.cs: 330 - Saving STL to C:\Users\erico\Documents\GitHub\6-DOF-Arm\CAD\5-DOF Arm\URDF\5-DOF_Arm_ASY_URDF\meshes\gripper_link.STL
2026-09-25 17:49:04,679 INFO  ExportHelper.cs: 405 - Removing SW header in STL file
2026-09-25 17:49:04,679 INFO  ExportHelper.cs: 317 - forearm_link: Exporting STL with coordinate frame Origin_wrist_flex
2026-09-25 17:49:04,679 INFO  ExportHelper.cs: 322 - forearm_link: Reference geometry name 
2026-09-25 17:49:05,126 INFO  ExportHelper.cs: 330 - Saving STL to C:\Users\erico\Documents\GitHub\6-DOF-Arm\CAD\5-DOF Arm\URDF\5-DOF_Arm_ASY_URDF\meshes\forearm_link.STL
2026-09-25 17:49:11,362 INFO  ExportHelper.cs: 405 - Removing SW header in STL file
2026-09-25 17:49:11,362 INFO  ExportHelper.cs: 317 - elbow_link: Exporting STL with coordinate frame Origin_elbow_flex
2026-09-25 17:49:11,366 INFO  ExportHelper.cs: 322 - elbow_link: Reference geometry name 
2026-09-25 17:49:11,942 INFO  ExportHelper.cs: 330 - Saving STL to C:\Users\erico\Documents\GitHub\6-DOF-Arm\CAD\5-DOF Arm\URDF\5-DOF_Arm_ASY_URDF\meshes\elbow_link.STL
2026-09-25 17:49:18,458 INFO  ExportHelper.cs: 405 - Removing SW header in STL file
2026-09-25 17:49:18,468 INFO  ExportHelper.cs: 317 - upper_arm_link: Exporting STL with coordinate frame Origin_shoulder_lift
2026-09-25 17:49:18,468 INFO  ExportHelper.cs: 322 - upper_arm_link: Reference geometry name 
2026-09-25 17:49:19,175 INFO  ExportHelper.cs: 330 - Saving STL to C:\Users\erico\Documents\GitHub\6-DOF-Arm\CAD\5-DOF Arm\URDF\5-DOF_Arm_ASY_URDF\meshes\upper_arm_link.STL
2026-09-25 17:49:30,724 INFO  ExportHelper.cs: 405 - Removing SW header in STL file
2026-09-25 17:49:30,724 INFO  ExportHelper.cs: 317 - shoulder_link: Exporting STL with coordinate frame Origin_shoulder_pan
2026-09-25 17:49:30,724 INFO  ExportHelper.cs: 322 - shoulder_link: Reference geometry name 
2026-09-25 17:49:31,409 INFO  ExportHelper.cs: 330 - Saving STL to C:\Users\erico\Documents\GitHub\6-DOF-Arm\CAD\5-DOF Arm\URDF\5-DOF_Arm_ASY_URDF\meshes\shoulder_link.STL
2026-09-25 17:49:42,318 INFO  ExportHelper.cs: 405 - Removing SW header in STL file
2026-09-25 17:49:42,326 INFO  ExportHelper.cs: 317 - base_link: Exporting STL with coordinate frame Origin_global
2026-09-25 17:49:42,326 INFO  ExportHelper.cs: 322 - base_link: Reference geometry name 
2026-09-25 17:49:43,303 INFO  ExportHelper.cs: 330 - Saving STL to C:\Users\erico\Documents\GitHub\6-DOF-Arm\CAD\5-DOF Arm\URDF\5-DOF_Arm_ASY_URDF\meshes\base_link.STL
2026-09-25 17:50:03,813 INFO  ExportHelper.cs: 405 - Removing SW header in STL file
2026-09-25 17:50:03,813 INFO  ExportHelper.cs: 145 - Showing all components except previously hidden components
2026-09-25 17:50:45,856 INFO  ExportHelper.cs: 145 - Resetting STL preferences
2026-09-25 17:50:45,858 INFO  ExportHelper.cs: 478 - Returning STL preferences to user preferences
2026-09-25 17:50:45,858 INFO  ExportHelper.cs: 228 - Writing URDF file to C:\Users\erico\Documents\GitHub\6-DOF-Arm\CAD\5-DOF Arm\URDF\5-DOF_Arm_ASY_URDF\urdf\5-DOF_Arm_ASY_URDF.urdf
2026-09-25 17:50:46,078 INFO  CSVImportExport.cs: 32 - Writing CSV file C:\Users\erico\Documents\GitHub\6-DOF-Arm\CAD\5-DOF Arm\URDF\5-DOF_Arm_ASY_URDF\urdf\5-DOF_Arm_ASY_URDF.csv
2026-09-25 17:50:46,126 ERROR CSVImportExport.cs: 130 - The following columns were not written to the CSV: Link.Joint.ChildLink.link,
2026-09-25 17:50:46,126 ERROR CSVImportExport.cs: 130 - The following columns were not written to the CSV: Link.Joint.ChildLink.link,
2026-09-25 17:50:46,132 ERROR CSVImportExport.cs: 130 - The following columns were not written to the CSV: Link.Joint.ChildLink.link,
2026-09-25 17:50:46,132 ERROR CSVImportExport.cs: 130 - The following columns were not written to the CSV: Link.Joint.ChildLink.link,
2026-09-25 17:50:46,134 ERROR CSVImportExport.cs: 130 - The following columns were not written to the CSV: Link.Joint.ChildLink.link,
2026-09-25 17:50:46,135 ERROR CSVImportExport.cs: 130 - The following columns were not written to the CSV: Link.Joint.ChildLink.link,
2026-09-25 17:50:46,135 ERROR CSVImportExport.cs: 130 - The following columns were not written to the CSV: Link.Joint.ChildLink.link,
2026-09-25 17:50:46,135 INFO  ExportHelper.cs: 234 - Copying log file
2026-09-25 17:50:46,142 INFO  ExportHelper.cs: 439 - Copying C:\Users\erico\sw2urdf_logs\sw2urdf.log to C:\Users\erico\Documents\GitHub\6-DOF-Arm\CAD\5-DOF Arm\URDF\5-DOF_Arm_ASY_URDF\export.log
